,일자,요일,본사정원수,본사휴가자수,본사출장자수,현본사소속재택근무자수,밥,국,메인,중식계
0,2016-02-01,월,2601,50,150,0.0,밥,오징어찌개,쇠불고기,1039.0
1,2016-02-02,화,2601,50,173,0.0,밥,김치찌개,가자미튀김,867.0
2,2016-02-03,수,2601,56,180,0.0,카레덮밥,팽이장국,치킨핑거,1017.0
3,2016-02-04,목,2601,104,220,0.0,밥,쇠고기무국,주꾸미볶음,978.0
4,2016-02-05,금,2601,278,181,0.0,밥,떡국,돈육씨앗강정,925.0
5,2016-02-11,목,2601,383,143,0.0,밥,시래기국,훈제오리구이,1045.0
6,2016-02-12,금,2601,389,156,0.0,밥,꽃게탕,돈육굴소스볶음,909.0
7,2016-02-15,월,2601,87,204,0.0,밥,시금치국,닭감자조림,1268.0
8,2016-02-16,화,2601,72,236,0.0,밥,쇠고기무국,탕수어,1014.0
9,2016-02-17,수,2601,78,250,0.0,밥,냉이된장국,쇠고기장조림,916.0
10,2016-02-18,목,2601,77,254,0.0,낙지비빔밥,유부장국,고구마치즈구이,910.0
11,2016-02-19,금,2601,145,252,0.0,밥,대구찌개,마늘간장치킨,763.0
12,2016-02-22,월,2601,90,207,0.0,밥,쇠고기느타리국,갈치구이,1298.0
13,2016-02-23,화,2601,57,237,0.0,밥,콩나물국,돈육간장볶음,899.0
14,2016-02-24,수,2601,54,232,0.0,비빔밥,팽이장국,소세지피망볶음,1022.0
15,2016-02-25,목,2601,56,261,0.0,밥,북어계란국,닭갈비,917.0
16,2016-02-26,금,2601,144,278,0.0,밥,수제비국,오징어볶음,766.0
17,2016-02-29,월,2601,595,168,0.0,밥,얼갈이된장국,제육볶음,869.0
18,2016-03-02,수,2624,127,182,0.0,밥,쇠고기미역국,주꾸미볶음,1127.0
19,2016-03-03,목,2624,61,224,0.0,밥,근대된장국,탕수육,1000.0
20,2016-03-04,금,2624,83,247,0.0,밥,부대찌개,가자미튀김,837.0
21,2016-03-07,월,2624,50,195,0.0,밥,콩나물국,닭갈비,1326.0
22,2016-03-08,화,2624,47,212,0.0,밥,차돌박이찌개,고등어김치말이,1026.0
23,2016-03-09,수,2624,43,225,0.0,밥,북어국,돈육장조림,901.0
24,2016-03-10,목,2624,55,245,0.0,밥,고추장찌개,닭데리야끼조림,847.0
25,2016-03-11,금,2624,108,275,0.0,밥,배추된장국,수제돈가스,728.0
26,2016-03-14,월,2624,61,183,0.0,밥,어묵국,돈육고추장볶음,1286.0
27,2016-03-15,화,2624,38,231,0.0,밥,쑥국,소불고기,958.0
28,2016-03-16,수,2624,50,213,0.0,곤드레밥,콩나물김치국,미니채소떡갈비,998.0
29,2016-03-17,목,2624,52,242,0.0,밥,사골우거지국,탕수어,832.0
30,2016-03-18,금,2624,118,277,0.0,밥,시금치국,훈제오리구이,757.0
31,2016-03-21,월,2624,65,205,0.0,밥,꽃게탕,버섯불고기,1030.0
32,2016-03-22,화,2624,41,208,0.0,밥,쇠고기샤브국,코다리강정,917.0
33,2016-03-23,수,2624,42,236,0.0,콩나물밥*달래장,맑은국,치킨텐더*요거트D,963.0
34,2016-03-24,목,2624,53,251,0.0,밥,북어계란국,쇠고기장조림,876.0
35,2016-03-25,금,2624,98,275,0.0,밥,닭개장,자반고등어구이,861.0
36,2016-03-28,월,2624,77,197,0.0,밥,얼갈이된장국,닭갈비,1193.0
37,2016-03-29,화,2624,52,245,0.0,밥,옹심이만두국,주꾸미볶음,892.0
38,2016-03-30,수,2624,48,230,0.0,봄새싹비빔밥,쪽파국,오징어튀김,1033.0
39,2016-03-31,목,2624,36,248,0.0,밥,매운콩나물국,돈육굴소스볶음,781.0
40,2016-04-01,금,2643,103,254,0.0,밥,버섯들깨탕,갈치조림,661.0
41,2016-04-04,월,2643,62,221,0.0,밥,순두부찌개,쇠불고기,1237.0
42,2016-04-05,화,2643,31,242,0.0,밥,북어국,오징어볶음*소면,840.0
43,2016-04-06,수,2643,37,249,0.0,밥,올갱이아욱국,제육볶음,876.0
44,2016-04-07,목,2643,47,258,0.0,밥,어묵국,매운돼지갈비찜,853.0
45,2016-04-08,금,2643,87,283,0.0,밥,배추된장국,순살양념치킨,764.0
46,2016-04-11,월,2643,82,203,0.0,밥,시래기국,훈제오리구이,1225.0
47,2016-04-12,화,2643,76,225,0.0,밥,부대찌개,쇠고기단호박조림,771.0
48,2016-04-14,목,2643,106,252,0.0,밥,수제비국,돈육굴소스볶음,969.0
49,2016-04-15,금,2643,131,281,0.0,밥,냉이된장찌개,닭데리야끼조림,579.0
50,2016-04-18,월,2643,81,225,0.0,밥,배추된장국,돈육강정,1120.0
51,2016-04-19,화,2643,44,239,0.0,밥,육개장,꽁치한마리구이,980.0
52,2016-04-20,수,2643,47,262,0.0,콩나물밥,근대된장국,매콤떡갈비조림,849.0
53,2016-04-21,목,2643,66,264,0.0,밥,대구매운탕,쇠고기볶음,940.0
54,2016-04-22,금,2643,150,275,0.0,밥,북어국,등갈비김치찜,698.0
55,2016-04-25,월,2643,96,201,0.0,밥,콩나물국,돈간장불고기,1227.0
56,2016-04-26,화,2643,51,227,0.0,밥,쇠고기무국,주꾸미볶음,795.0
57,2016-04-27,수,2643,71,234,0.0,나물비빔밥,미소장국,궁중떡찜,1028.0
58,2016-04-28,목,2643,56,269,0.0,밥,미역국,양념파닭,811.0
59,2016-04-29,금,2643,139,282,0.0,밥,돈육김치찌개,미트볼조림,652.0
60,2016-05-02,월,2635,80,214,0.0,밥,시금치국,닭갈비,1242.0
61,2016-05-03,화,2635,65,251,0.0,곤드레밥,무채국,모둠장조림,964.0
62,2016-05-04,수,2635,150,244,0.0,밥,쇠고기샤브국,오징어볶음,723.0
63,2016-05-09,월,2635,101,233,0.0,밥,매운어묵국,훈제오리구이,1216.0
64,2016-05-10,화,2635,53,252,0.0,밥,콩나물국,버섯불고기,1008.0
65,2016-05-11,수,2635,60,266,0.0,단호박영양밥,시래기된장국,돈육칠리강정,915.0
66,2016-05-12,목,2635,71,274,0.0,밥,오징어국,찜닭,753.0
67,2016-05-13,금,2635,185,268,0.0,밥,된장찌개,매운돼지갈비찜,761.0
68,2016-05-16,월,2635,99,216,0.0,밥,감자고추장찌개,돈육굴소스볶음,1180.0
69,2016-05-17,화,2635,41,254,0.0,밥,들깨버섯탕,고등어김치말이,899.0
70,2016-05-18,수,2635,71,257,0.0,산채비빔밥,미소장국,치킨핑거,856.0
71,2016-05-19,목,2635,65,266,0.0,밥,열무된장국,미니채소떡갈비,898.0
72,2016-05-20,금,2635,169,287,0.0,밥,순두부찌개,닭오븐구이,653.0
73,2016-05-23,월,2635,88,203,0.0,밥,북어콩나물국,쇠고기불고기,1160.0
74,2016-05-24,화,2635,74,234,0.0,밥,한방갈비탕,꼬지삼색전,1107.0
75,2016-05-25,수,2635,72,258,0.0,낙지볶음밥,미역장국,탕수어,938.0
76,2016-05-26,목,2635,64,285,0.0,밥,쇠고기해장국,갈치구이,783.0
77,2016-05-27,금,2635,163,291,0.0,밥,배추된장국,닭양념조림,660.0
78,2016-05-30,월,2635,73,215,0.0,밥,콩나물김치국,누룽지탕수육,1231.0
79,2016-05-31,화,2635,50,250,0.0,밥,근대된장국,닭갈비,921.0
80,2016-06-01,수,2637,75,245,0.0,열무비빔밥,강된장찌개,오징어튀김,916.0
81,2016-06-02,목,2637,81,258,0.0,밥,오이미역냉국,모둠장조림,850.0
82,2016-06-03,금,2637,191,268,0.0,밥,차돌박이찌개,찜닭,721.0
83,2016-06-07,화,2637,115,192,0.0,밥,북어계란국,돈육굴소스볶음,1244.0
84,2016-06-08,수,2637,58,240,0.0,밥,참치김치찌개,순살깐풍기,931.0
85,2016-06-09,목,2637,69,252,0.0,밥,매운콩나물국,돼지갈비찜,829.0
86,2016-06-10,금,2637,151,270,0.0,밥,된장찌개,오징어볶음,697.0
87,2016-06-13,월,2637,98,209,0.0,밥,북어콩나물국,제육볶음,1243.0
88,2016-06-14,화,2637,56,241,0.0,밥,배추된장국,닭양념조림,973.0
89,2016-06-15,수,2637,60,260,0.0,카레덮밥,맑은국,떡갈비조림,984.0
90,2016-06-16,목,2637,73,263,0.0,밥,부대찌개,가자미양념찜,800.0
91,2016-06-17,금,2637,165,291,0.0,밥,꽃게탕,돈육강정,694.0
92,2016-06-20,월,2637,101,257,0.0,밥,어묵국,레몬탕수육,1146.0
93,2016-06-21,화,2637,49,248,0.0,밥,대구찌개,간장치킨,1091.0
94,2016-06-22,수,2637,47,258,0.0,밥,시래기국,돈삼겹보쌈,1022.0
95,2016-06-23,목,2637,53,271,0.0,밥,쇠고기무국,매콤낙지볶음,877.0
96,2016-06-24,금,2637,169,284,0.0,밥,도토리묵냉국,목살데리야끼구이,805.0
97,2016-06-27,월,2637,96,227,0.0,밥,배추된장국,훈제오리구이,1142.0
98,2016-06-28,화,2637,63,253,0.0,밥,육개장,고등어구이,917.0
99,2016-06-29,수,2637,67,248,0.0,밥,콩나물국,간장돼지갈비찜,820.0
100,2016-06-30,목,2637,76,247,0.0,밥,버섯들깨찌개,닭오븐구이,886.0
101,2016-07-01,금,2643,145,215,0.0,밥,수제비국,유자청제육볶음,879.0
102,2016-07-04,월,2643,88,190,0.0,밥,감자고추장찌개,버섯불고기,1292.0
103,2016-07-05,화,2643,55,226,0.0,밥,쇠고기미역국,꽁치김치말이찜,952.0
104,2016-07-06,수,2643,56,224,0.0,곤드레밥,가쯔오장국,닭강정,939.0
105,2016-07-07,목,2643,64,238,0.0,밥,된장찌개,갈치조림,857.0
106,2016-07-08,금,2643,155,260,0.0,밥,우무묵냉국,갈릭돈까스,863.0
107,2016-07-11,월,2643,121,210,0.0,밥,호박잎찌개,돈육굴소스볶음,1115.0
108,2016-07-12,화,2643,72,223,0.0,밥,건새우아욱국,순살파닭,919.0
109,2016-07-13,수,2643,79,241,0.0,나물비빔밥,오이냉국,사천식탕수육,866.0
110,2016-07-14,목,2643,84,252,0.0,밥,배추된장국,매운주꾸미볶음,781.0
111,2016-07-15,금,2643,189,261,0.0,밥,북어계란국,등갈비김치찜,867.0
112,2016-07-18,월,2643,126,208,0.0,밥,순두부찌개,돈육떡강정,1158.0
113,2016-07-19,화,2643,111,233,0.0,밥,시래기국,목살데리야끼,888.0
114,2016-07-20,수,2643,124,238,0.0,밥,사골우거지탕,미트볼조림,844.0
115,2016-07-21,목,2643,115,255,0.0,밥,우묵콩국,고추장불고기,733.0
116,2016-07-22,금,2643,251,272,0.0,참치회덮밥,미소장국,고구마치즈구이,661.0
117,2016-07-25,월,2643,277,180,0.0,밥,쇠고기미역국,불닭볶음,1086.0
118,2016-07-26,화,2643,260,185,0.0,밥,청국장찌개,미니채소떡갈비,927.0
119,2016-07-27,수,2643,299,192,0.0,밥,시금치국,동파삼겹수육,872.0
120,2016-07-28,목,2643,340,204,0.0,밥,꽃게탕,훈제오리냉채,816.0
121,2016-07-29,금,2643,486,207,0.0,연복풍덮밥,도토리묵냉국,꽁치오븐구이,671.0
122,2016-08-01,월,2644,512,109,0.0,밥,부대찌개*라면사리,갈치구이,1055.0
123,2016-08-02,화,2644,460,167,0.0,열무보리비빔밥,팽이장국,꽃맛살볶음,829.0
124,2016-08-03,수,2644,485,183,0.0,밥,버섯들깨탕,레몬탕수육,802.0
125,2016-08-04,목,2644,467,200,0.0,밥,복숭아미역냉국,닭데리야끼조림,671.0
126,2016-08-05,금,2644,538,212,0.0,밥,된장찌개,매콤돼지갈비찜,641.0
127,2016-08-08,월,2644,421,180,0.0,밥,호박잎된장국,유자청제육볶음,1038.0
128,2016-08-09,화,2644,392,182,0.0,밥,콩나물국,미니함박조림,874.0
129,2016-08-10,수,2644,411,188,0.0,밥,사과오이냉국,장어강정,842.0
130,2016-08-11,목,2644,413,202,0.0,밥,시래기국,삼겹살오븐구이,845.0
131,2016-08-12,금,2644,587,215,0.0,불고기덮밥,맑은국,새우까스&탈탈소스,708.0
132,2016-08-16,화,2644,352,177,0.0,밥,닭곰탕,고등어조림,1023.0
133,2016-08-17,수,2644,311,191,0.0,밥,대구매운탕,오징어볶음,924.0
134,2016-08-18,목,2644,274,215,0.0,밥,열무된장국,갈릭돈가스,943.0
135,2016-08-19,금,2644,345,237,0.0,단호박영양밥,도토리묵냉국,소고기숙주볶음,754.0
136,2016-08-22,월,2644,115,159,0.0,밥,꽃게탕,고추잡채*꽃빵,1266.0
137,2016-08-23,화,2644,86,211,0.0,밥,배추된장국,칠리탕수육,1145.0
138,2016-08-24,수,2644,113,209,0.0,밥,해물된장찌개,닭볶음,941.0
139,2016-08-25,목,2644,123,241,0.0,밥,육개장,동태무조림,885.0
140,2016-08-26,금,2644,194,269,0.0,밥,떡국,마늘치킨,813.0
141,2016-08-29,월,2644,132,202,0.0,밥,순두부찌개,소불고기,1258.0
142,2016-08-30,화,2644,96,242,0.0,밥,버섯매운탕,갈치구이,901.0
143,2016-08-31,수,2644,98,236,0.0,낙지비빔밥,가쯔오장국,계란말이,915.0
144,2016-09-01,목,2769,99,250,0.0,밥,오징어국,목살데리야끼,953.0
145,2016-09-02,금,2769,177,279,0.0,밥,시래기된장국,닭찜,832.0
146,2016-09-05,월,2769,100,225,0.0,밥,쇠고기샤브국,오징어볶음,1164.0
147,2016-09-06,화,2769,59,253,0.0,밥,부대찌개,가자미카레튀김,784.0
148,2016-09-07,수,2769,65,241,0.0,곤드레밥,두부맑은국,돈육떡강정,926.0
149,2016-09-08,목,2769,69,255,0.0,밥,된장찌개,오리고추장볶음,758.0
150,2016-09-09,금,2769,137,288,0.0,밥,황태맑은국,유린기,682.0
151,2016-09-12,월,2769,328,176,0.0,밥,시래기국,닭볶음,924.0
152,2016-09-13,화,2769,511,108,0.0,밥,토란국,매운돼지갈비찜,820.0
153,2016-09-19,월,2769,167,180,0.0,밥,어묵국,오리훈제고추장볶음,1271.0
154,2016-09-20,화,2769,69,227,0.0,밥,얼갈이된장국,레몬탕수육,1039.0
155,2016-09-21,수,2769,58,246,0.0,열무비빔밥,팽이장국,너비아니구이,1068.0
156,2016-09-22,목,2769,137,253,0.0,밥,쇠고기무국,임연수찜,891.0
157,2016-09-23,금,2769,165,278,0.0,밥,오징어국,소고기숙주볶음,716.0
158,2016-09-26,월,2769,70,224,0.0,밥,아욱된장국,유자청돈육볶음,1185.0
159,2016-09-27,화,2769,56,233,0.0,밥,느타리버섯국,간장파닭,1033.0
160,2016-09-28,수,2769,50,225,0.0,카레덮밥,맑은국,샐러드파스타,1128.0
161,2016-09-29,목,2769,153,227,0.0,밥,된장찌개,돈육장조림,1044.0
162,2016-09-30,금,2769,158,256,0.0,밥,우거지해장국,꽁치한마리구이,843.0
163,2016-10-04,화,2670,59,239,0.0,밥,배추된장국,버섯불고기,1262.0
164,2016-10-05,수,2670,41,228,0.0,밥,차돌박이찌개,매운주꾸미볶음,1336.0
165,2016-10-06,목,2670,56,245,0.0,밥,미역국,한방소갈비찜,1196.0
166,2016-10-07,금,2670,144,252,0.0,밥,대구매운탕,표고돈육탕수,843.0
167,2016-10-10,월,2670,104,216,0.0,밥,쇠고기샤브국,오징어볶음,1180.0
168,2016-10-11,화,2670,69,256,0.0,밥,시금치된장국,목살스테이크,1014.0
169,2016-10-12,수,2670,64,251,0.0,산채비빔밥*강된장,팽이버섯국,생선커틀릿,951.0
170,2016-10-13,목,2670,66,262,0.0,밥,떡국,마늘치킨,1051.0
171,2016-10-14,금,2670,144,265,0.0,밥,건새우무국,등갈비김치찜,898.0
172,2016-10-17,월,2670,107,241,0.0,밥,미역국,소불고기,1196.0
173,2016-10-18,화,2670,53,262,0.0,밥,꽃게탕,미트볼칠리조림,994.0
174,2016-10-19,수,2670,72,267,0.0,밥,참치김치찌개,유린기,933.0
175,2016-10-20,목,2670,105,269,0.0,밥,돈신탕,꽁치김치말이,787.0
176,2016-10-21,금,2670,228,280,0.0,짜장밥,계란국,사천식탕수육,760.0
177,2016-10-24,월,2670,120,223,0.0,밥,된장찌개,제육볶음,1171.0
178,2016-10-25,화,2670,73,259,0.0,밥,육개장,갈치구이,1028.0
179,2016-10-26,수,2670,89,258,0.0,곤드레밥,배추된장국,데리야끼파닭,854.0
180,2016-10-27,목,2670,94,272,0.0,밥,동태찌개,돈육장조림,807.0
181,2016-10-28,금,2670,192,277,0.0,밥,버섯들깨탕,고등어조림,731.0
182,2016-10-31,월,2670,134,223,0.0,밥,근대된장국,쇠고기숙주볶음,1224.0
183,2016-11-01,화,2689,70,212,0.0,밥,알탕,닭갈비,1087.0
184,2016-11-02,수,2689,73,231,0.0,콩나물밥,가쯔오장국,훈제오리/무쌈,1006.0
185,2016-11-03,목,2689,72,283,0.0,밥,쇠고기무국,쭈꾸미볶음,864.0
186,2016-11-04,금,2689,168,276,0.0,밥,사골우거지탕,명태엿장조림,803.0
187,2016-11-07,월,2689,133,222,0.0,밥,오징어국,유자청제육볶음,1156.0
188,2016-11-08,화,2689,60,250,0.0,밥,차돌박이찌개,순살양념치킨,986.0
189,2016-11-09,수,2689,58,267,0.0,단호박영양밥,꽃게탕,고추잡채*꽃빵,920.0
190,2016-11-10,목,2689,73,267,0.0,밥,김치콩나물국,쇠고기장조림,795.0
191,2016-11-11,금,2689,173,286,0.0,밥,아욱된장국,칠리탕수육,652.0
192,2016-11-14,월,2689,92,227,0.0,밥,어묵국,소고기버섯볶음,1260.0
193,2016-11-15,화,2689,66,273,0.0,밥,김치국,닭데리야끼조림,914.0
194,2016-11-16,수,2689,60,250,0.0,버섯영양밥,조랭이떡미역국,유산슬,888.0
195,2016-11-17,목,2689,134,263,0.0,밥,설렁탕,해물김치전,882.0
196,2016-11-18,금,2689,219,287,0.0,밥,콩비지찌개,순살깐풍기,730.0
197,2016-11-21,월,2689,94,202,0.0,밥,시래기된장국,누룽지탕수육,1235.0
198,2016-11-22,화,2689,45,238,0.0,밥,대구매운탕,쇠고기숙주볶음,1046.0
199,2016-11-23,수,2689,52,251,0.0,밥,순두부탕,파닭,891.0
200,2016-11-24,목,2689,61,262,0.0,밥,수제비국,짬뽕불고기,870.0
201,2016-11-25,금,2689,200,279,0.0,카레덮밥,맑은국,통감자오븐구이,720.0
202,2016-11-28,월,2689,114,219,0.0,밥,쇠고기느타리국,오징어볶음,1246.0
203,2016-11-29,화,2689,84,218,0.0,밥,근대국,제육볶음,900.0
204,2016-11-30,수,2689,68,207,0.0,나물비빔밥,가쯔오장국,치킨핑거*요거트D,1109.0
205,2016-12-01,목,2705,84,243,0.0,밥,콩나물국,모둠장조림,956.0
206,2016-12-02,금,2705,183,272,0.0,밥,떡국,양념찜닭,766.0
207,2016-12-05,월,2705,101,207,0.0,밥,순두부찌개,훈제오리구이,1110.0
208,2016-12-06,화,2705,69,222,0.0,밥,홍합탕,삼겹살오븐구이,930.0
209,2016-12-07,수,2705,69,232,0.0,짜장밥,유부장국,해물누룽지탕,895.0
210,2016-12-08,목,2705,76,262,0.0,밥,아욱국,양념돼지갈비찜,787.0
211,2016-12-09,금,2705,196,284,0.0,밥,차돌박이된장찌개,삼치무조림,621.0
212,2016-12-12,월,2705,102,193,0.0,밥,콩나물김치국,돈육굴소스볶음,1069.0
213,2016-12-13,화,2705,65,226,0.0,밥,냉이된장찌개,코다리강정,770.0
214,2016-12-14,수,2705,82,247,0.0,소불고기덮밥,가쯔오장국,고구마튀김,904.0
215,2016-12-15,목,2705,98,234,0.0,밥,콩비지찌개,오리고추장볶음,850.0
216,2016-12-16,금,2705,167,262,0.0,밥,쇠고기샤브국,갈치구이,699.0
217,2016-12-19,월,2705,104,217,0.0,밥,배추된장국,짬뽕불고기,1215.0
218,2016-12-20,화,2705,89,238,0.0,밥,콩나물국,고추잡채*꽃빵,790.0
219,2016-12-21,수,2705,72,230,0.0,밥,된장찌개,마늘간장치킨,929.0
220,2016-12-22,목,2705,118,242,0.0,밥,꽃게탕,쇠고기버섯볶음,524.0
221,2016-12-23,금,2705,343,243,0.0,밥,얼갈이국,떡갈비조림,560.0
222,2016-12-26,월,2705,206,194,0.0,밥,동태찌개,돈육간장불고기,1192.0
223,2016-12-27,화,2705,127,236,0.0,밥,열무된장국,닭갈비,823.0
224,2016-12-28,수,2705,166,225,0.0,콩나물밥,가쯔오장국,미트볼케찹조림,767.0
225,2016-12-29,목,2705,242,201,0.0,밥,시래기국,오징어볶음*소면,711.0
226,2016-12-30,금,2705,529,127,0.0,밥,순두부찌개,수제돈까스,658.0
227,2017-01-02,월,2697,96,102,0.0,밥,사골떡국,쇠고기낙지볶음,1273.0
228,2017-01-03,화,2697,61,158,0.0,밥,홍합탕,매운동태찜,1041.0
229,2017-01-04,수,2697,67,170,0.0,곤드레밥,황태국,동그랑땡전,949.0
230,2017-01-05,목,2697,79,207,0.0,밥,육개장,굴비구이,1000.0
231,2017-01-06,금,2697,189,224,0.0,밥,된장찌개,레몬탕수육,830.0
232,2017-01-09,월,2697,121,166,0.0,밥,콩나물국,동파육,1322.0
233,2017-01-10,화,2697,70,199,0.0,밥,쇠고기미역국,주꾸미떡볶음,1186.0
234,2017-01-11,수,2697,57,223,0.0,비빔밥,팽이장국,생선까스,1039.0
235,2017-01-12,목,2697,85,238,0.0,밥,어묵국,매운닭찜,976.0
236,2017-01-13,금,2697,191,247,0.0,밥,짬뽕국,미니함박조림,791.0
237,2017-01-16,월,2697,123,196,0.0,밥,얼갈이된장국,오징어볶음*소면,1273.0
238,2017-01-17,화,2697,75,215,0.0,밥,순두부찌개,쇠고기숙주볶음,1035.0
239,2017-01-18,수,2697,59,240,0.0,밥,아욱국,훈제오리구이,863.0
240,2017-01-19,목,2697,93,236,0.0,밥,수제비국,유자청돈육볶음,866.0
241,2017-01-20,금,2697,207,267,0.0,밥,닭개장,가자미카레튀김,709.0
242,2017-01-23,월,2697,108,202,0.0,밥,냉이콩나물국,닭볶음,1152.0
243,2017-01-24,화,2697,63,218,0.0,밥,알탕,돈육간장불고기,974.0
244,2017-01-25,수,2697,79,203,0.0,카레덮밥,맑은국,유린기,720.0
245,2017-01-26,목,2697,369,117,0.0,밥,배추된장국,소갈비찜,844.0
246,2017-01-31,화,2697,177,58,0.0,밥,미역국,언양식불고기*양파채,1240.0
247,2017-02-01,수,2632,61,179,0.0,밥,시금치된장국,고추장불고기,1260.0
248,2017-02-02,목,2632,45,217,0.0,밥,굴김치두부국,스위트칠리미트볼,1005.0
249,2017-02-03,금,2632,104,253,0.0,밥,콩나물국,소고기낙지볶음,854.0
250,2017-02-06,월,2632,49,202,0.0,밥,냉이된장찌개,닭갈비,1319.0
251,2017-02-07,화,2632,40,207,0.0,밥,대구매운탕,유산슬,1114.0
252,2017-02-08,수,2632,52,206,0.0,콩나물밥,맑은국,닭오븐구이,1068.0
253,2017-02-09,목,2632,65,227,0.0,밥,배추국,수제돈까스,953.0
254,2017-02-10,금,2632,149,284,0.0,밥,소고기무국,굴비구이,797.0
255,2017-02-13,월,2632,61,196,0.0,밥,쇠고기미역국,제육볶음,1364.0
256,2017-02-14,화,2632,53,223,0.0,밥,된장찌개,주꾸미볶음,997.0
257,2017-02-15,수,2632,51,233,0.0,밥,들깨시래기국,순살파닭,1045.0
258,2017-02-16,목,2632,56,240,0.0,밥,홍합탕,소불고기,968.0
259,2017-02-17,금,2632,144,269,0.0,밥,어묵국,등갈비김치찜,753.0
260,2017-02-20,월,2632,104,199,0.0,밥,열무된장국,동파육,1216.0
261,2017-02-21,화,2632,63,226,0.0,밥,버섯들깨탕,낙지볶음,1004.0
262,2017-02-22,수,2632,75,252,0.0,나물비빔밥,유부장국,생선까스*탈탈소스,1065.0
263,2017-02-23,목,2632,75,272,0.0,밥,콩나물국,돼지갈비찜,917.0
264,2017-02-24,금,2632,174,291,0.0,밥,수제비국,깐풍기,698.0
265,2017-02-27,월,2632,134,181,0.0,밥,봄동된장국,훈제오리구이,1141.0
266,2017-02-28,화,2632,156,203,0.0,밥,사골떡국,언양식불고기,956.0
267,2017-03-02,목,2627,190,215,0.0,밥,돈육김치찌개,팝콘치킨*데리마요,1057.0
268,2017-03-03,금,2627,174,256,0.0,카레덮밥,맑은국,미니채소떡갈비,926.0
269,2017-03-06,월,2627,63,201,0.0,밥,어묵국,순살닭갈비,1311.0
270,2017-03-07,화,2627,41,214,0.0,밥,토란탕,돈육칠리강정,994.0
271,2017-03-08,수,2627,46,233,0.0,곤드레밥*강된장,미소국,오징어볶음,879.0
272,2017-03-09,목,2627,55,254,0.0,밥,아욱국,마늘치킨,954.0
273,2017-03-10,금,2627,145,291,0.0,밥,얼큰순두부찌개,해물청경채볶음,664.0
274,2017-03-13,월,2627,82,211,0.0,밥,오징어국,버섯불고기,1295.0
275,2017-03-14,화,2627,46,230,0.0,밥,동태찌개,미트볼케찹조림,972.0
276,2017-03-15,수,2627,40,234,0.0,밥,근대국,양념찜닭,961.0
277,2017-03-16,목,2627,47,259,0.0,밥,옹심이만두국,돈육굴소스볶음,951.0
278,2017-03-17,금,2627,129,299,0.0,밥,고추장찌개,치킨커틀렛,625.0
279,2017-03-20,월,2627,86,207,0.0,밥,아욱국,콩나물불고기,1328.0
280,2017-03-21,화,2627,55,222,0.0,밥,냉이된장찌개,쇠고기장조림,940.0
281,2017-03-22,수,2627,53,235,0.0,밥,돈육김치찌개,유린기,953.0
282,2017-03-23,목,2627,62,245,0.0,밥,콩가루배추국,돼지갈비찜,911.0
283,2017-03-24,금,2627,181,279,0.0,밥,대구매운탕,고추잡채*꽃빵,644.0
284,2017-03-27,월,2627,105,242,0.0,밥,알탕,소고기숙주볶음,1114.0
285,2017-03-28,화,2627,44,248,0.0,밥,소고기미역국,주꾸미볶음,970.0
286,2017-03-29,수,2627,42,237,0.0,봄나물비빔밥,팽이장국,언양식불고기,966.0
287,2017-03-30,목,2627,67,278,0.0,밥,북어콩나물국,사천식탕수육,802.0
288,2017-03-31,금,2627,147,296,0.0,밥,쇠고기무국,생선커틀렛,639.0
289,2017-04-03,월,2626,81,198,0.0,밥,꽃게탕,훈제오리,1258.0
290,2017-04-04,화,2626,54,212,0.0,밥,된장찌개,쇠불고기,809.0
291,2017-04-05,수,2626,63,251,0.0,짜장밥,맑은계란국,유산슬,1060.0
292,2017-04-06,목,2626,65,271,0.0,밥,근대국,마늘치킨,897.0
293,2017-04-07,금,2626,151,291,0.0,밥,육개장,미니채소떡갈비,602.0
294,2017-04-10,월,2626,81,229,0.0,밥,얼갈이국,쇠고기낙지볶음,1218.0
295,2017-04-11,화,2626,44,234,0.0,밥,김치찌개,해물누룽지탕,994.0
296,2017-04-12,수,2626,41,241,0.0,밥,들깨미역국,삼겹살오븐구이,893.0
297,2017-04-13,목,2626,61,270,0.0,밥,황태국,닭데리야끼조림,784.0
298,2017-04-14,금,2626,122,298,0.0,밥,쇠고기샤브국,오징어볶음,541.0
299,2017-04-17,월,2626,82,220,0.0,밥,된장찌개,돈육굴소스볶음,1237.0
300,2017-04-18,화,2626,57,244,0.0,밥,들깨시래기국,쇠고기장조림,839.0
301,2017-04-19,수,2626,36,256,0.0,곤드레밥,맑은국,탕수어,871.0
302,2017-04-20,목,2626,44,288,0.0,밥,아욱국,등갈비김치찜,713.0
303,2017-04-21,금,2626,137,307,0.0,밥,콩나물김치국,버섯불고기,547.0
304,2017-04-24,월,2626,76,260,0.0,밥,부대찌개,언양식불고기,1109.0
305,2017-04-25,화,2626,69,288,0.0,밥,차돌박이찌개,닭강정,791.0
306,2017-04-26,수,2626,45,304,0.0,비빔밥,맑은국,오징어튀김,835.0
307,2017-04-27,목,2626,61,311,0.0,밥,미역국,매콤함박스테이크,788.0
308,2017-04-28,금,2626,161,310,0.0,밥,꽃게찌개,탕수육,575.0
309,2017-05-02,화,2637,933,123,0.0,밥,참치김치찌개,훈제오리구이/쌈무,525.0
310,2017-05-04,목,2637,1224,41,0.0,밥,들깨미역국,닭갈비,383.0
311,2017-05-08,월,2637,715,130,0.0,밥,고추장찌개,쇠불고기,792.0
312,2017-05-10,수,2637,68,223,0.0,밥,된장찌개,제육볶음,1235.0
313,2017-05-11,목,2637,57,264,0.0,밥,콩가루배추국,낙지볶음,829.0
314,2017-05-12,금,2637,113,289,0.0,밥,옹심이만두떡국,유린기,817.0
315,2017-05-15,월,2637,63,224,0.0,밥,콩비지찌개,돈육꽈리고추볶음,1203.0
316,2017-05-16,화,2637,41,266,0.0,밥,쇠고기샤브국,오징어볶음,890.0
317,2017-05-17,수,2637,46,268,0.0,밥,열무된장국,쇠고기장조림,864.0
318,2017-05-18,목,2637,60,287,0.0,밥,부대찌개,굴비구이,796.0
319,2017-05-19,금,2637,146,305,0.0,밥,새우살미역국,순살양념치킨,662.0
320,2017-05-22,월,2637,63,240,0.0,밥,시금치된장국,제육볶음,1207.0
321,2017-05-23,화,2637,47,257,0.0,밥,소고기국,간장찜닭,889.0
322,2017-05-24,수,2637,49,277,0.0,콩나물밥,김치국,고등어구이,852.0
323,2017-05-25,목,2637,57,290,0.0,밥,들깨시래기국,오리불고기,838.0
324,2017-05-26,금,2637,164,302,0.0,밥,콩나물국,주꾸미떡볶음,597.0
325,2017-05-29,월,2637,88,240,0.0,밥,황태국,소불고기,1193.0
326,2017-05-30,화,2637,57,256,0.0,밥,얼갈이된장국,동파삼겹수육,821.0
327,2017-05-31,수,2637,43,265,0.0,열무보리비빔밥,가쯔오장국,탕수만두,910.0
328,2017-06-01,목,2648,66,265,0.0,밥,오이냉국,등갈비김치찜,914.0
329,2017-06-02,금,2648,165,293,0.0,밥,돈육김치찌개,삼치된장구이,699.0
330,2017-06-05,월,2648,633,150,0.0,밥,근대국,돈육굴소스볶음,760.0
331,2017-06-07,수,2648,75,228,0.0,밥,콩나물국,훈제오리구이,1127.0
332,2017-06-08,목,2648,63,274,0.0,밥,얼갈이된장국,미니채소떡갈비,857.0
333,2017-06-09,금,2648,130,294,0.0,밥,호박잎된장찌개,깐풍기,715.0
334,2017-06-12,월,2648,87,209,0.0,밥,연두부탕,쇠고기숙주볶음,1140.0
335,2017-06-13,화,2648,47,234,0.0,밥,도토리묵냉국,쭈꾸미볶음,916.0
336,2017-06-14,수,2648,55,253,0.0,곤드레밥*강된장,가쯔오장국,치킨핑거,907.0
337,2017-06-15,목,2648,64,268,0.0,밥,쇠고기샤브국,갈치구이,763.0
338,2017-06-16,금,2648,164,305,0.0,밥,아욱된장국,삼겹살구이,644.0
339,2017-06-19,월,2648,102,226,0.0,밥,들깨시래기국,유자청제육볶음,1126.0
340,2017-06-20,화,2648,66,253,0.0,밥,오이지냉국,고등어김치말이,888.0
341,2017-06-21,수,2648,60,269,0.0,카레라이스,유부주머니국,언양식불고기,982.0
342,2017-06-22,목,2648,69,273,0.0,밥,쇠고기미역국,해물누룽지탕,875.0
343,2017-06-23,금,2648,162,290,0.0,밥,나가사끼짬뽕국,닭갈비,609.0
344,2017-06-26,월,2648,112,237,0.0,밥,차돌박이찌개,훈제오리고추장볶음,1147.0
345,2017-06-27,화,2648,59,256,0.0,밥,북어콩나물국,오징어볶음,973.0
346,2017-06-28,수,2648,58,259,0.0,콩나물밥,얼갈이된장국,삼치구이,745.0
347,2017-06-29,목,2648,66,266,0.0,밥,우무묵냉국,갈릭돈까스,814.0
348,2017-06-30,금,2648,188,296,0.0,밥,꼬지어묵탕,매운닭찜,695.0
349,2017-07-03,월,2839,66,214,0.0,밥,콩나물국,짬뽕불고기,1231.0
350,2017-07-04,화,2839,50,247,0.0,밥,배추된장국,낙지볶음,962.0
351,2017-07-05,수,2839,46,260,0.0,짜장덮밥,계란국,유산슬,912.0
352,2017-07-06,목,2839,72,268,0.0,밥,아욱된장국,등갈비김치찜,821.0
353,2017-07-07,금,2839,146,288,0.0,밥,오이냉국,유린기,613.0
354,2017-07-10,월,2839,98,215,0.0,밥,콩나물국,버섯불고기,1084.0
355,2017-07-11,화,2839,62,232,0.0,밥,어묵국,주꾸미떡볶음,866.0
356,2017-07-12,수,2839,69,263,0.0,<초복특식>,삼계탕,밥,918.0
357,2017-07-13,목,2839,79,277,0.0,밥,근대국,돼지갈비찜,765.0
358,2017-07-14,금,2839,209,286,0.0,밥,부대찌개,갈치조림,613.0
359,2017-07-17,월,2839,132,212,0.0,밥,무채국,돈육고추장볶음,1168.0
360,2017-07-18,화,2839,98,239,0.0,밥,열무된장국,간장찜닭,916.0
361,2017-07-19,수,2839,79,259,0.0,김치제육덮밥,맑은국,양장피잡채,830.0
362,2017-07-20,목,2839,90,278,0.0,밥,소고기매운무국,오징어굴소스볶음,750.0
363,2017-07-21,금,2839,206,301,0.0,밥,닭곰탕,미트볼케찹조림,648.0
364,2017-07-24,월,2839,237,211,0.0,밥,어묵탕,콩나물불고기,1119.0
365,2017-07-25,화,2839,214,243,0.0,밥,된장찌개,가자미카레튀김,827.0
366,2017-07-26,수,2839,254,246,0.0,나물비빔밥,미소장국,파스타샐러드,797.0
367,2017-07-27,목,2839,334,240,0.0,밥,콩나물냉국,순살파닭,804.0
368,2017-07-28,금,2839,419,264,0.0,밥,쇠고기샤브국,주꾸미떡볶음,501.0
369,2017-07-31,월,2839,524,156,0.0,밥,연두부탕,쇠고기숙주볶음,945.0
370,2017-08-01,화,2645,466,181,0.0,밥,부대찌개,해물누룽지탕,745.0
371,2017-08-02,수,2645,454,188,0.0,밥,꽃게탕,미니채소떡갈비,799.0
372,2017-08-03,목,2645,451,207,0.0,밥,오이미역냉국,닭오븐구이,776.0
373,2017-08-04,금,2645,544,238,0.0,밥,콩나물국,제육볶음,668.0
374,2017-08-07,월,2645,428,168,0.0,밥,어묵국,쇠고기낙지볶음,1078.0
375,2017-08-08,화,2645,414,207,0.0,밥,미역국,닭갈비,842.0
376,2017-08-09,수,2645,428,210,0.0,밥,도토리묵냉국,수제돈까스,946.0
377,2017-08-10,목,2645,438,228,0.0,밥,돈육김치찌개,갈치구이,777.0
378,2017-08-11,금,2645,566,240,0.0,밥,고추장찌개,돈육보쌈,710.0
379,2017-08-14,월,2645,863,131,0.0,밥,된장찌개,짬뽕불고기,692.0
380,2017-08-16,수,2645,403,180,0.0,밥,쇠고기무국,오징어볶음*소면,973.0
381,2017-08-17,목,2645,357,221,0.0,밥,들깨시래기국,매운닭찜,823.0
382,2017-08-18,금,2645,396,272,0.0,짜장밥,맑은국,해물까스*칠리소스,731.0
383,2017-08-21,월,2645,74,169,0.0,밥,조랭이떡미역국,소고기불고기,1232.0
384,2017-08-22,화,2645,74,213,0.0,밥,해물된장찌개,표고버섯탕수육,1053.0
385,2017-08-23,수,2645,72,215,0.0,곤드레밥*강된장,가쯔오장국,가자미양념찜,953.0
386,2017-08-24,목,2645,78,259,0.0,밥,쇠고기샤브국,주꾸미굴소스볶음,843.0
387,2017-08-25,금,2645,164,310,0.0,밥,알탕,미트볼케찹조림,594.0
388,2017-08-28,월,2645,169,225,0.0,밥,콩나물국,돈육간장불고기,1191.0
389,2017-08-29,화,2645,121,260,0.0,밥,배추된장국,닭갈비,877.0
390,2017-08-30,수,2645,116,270,0.0,산채비빔밥,미소장국,언양식불고기,898.0
391,2017-08-31,목,2645,110,281,0.0,밥,육개장,굴비구이,852.0
392,2017-09-01,금,2642,177,303,0.0,밥,시래기국,훈제오리구이,663.0
393,2017-09-04,월,2642,113,243,0.0,밥,북어국,버섯불고기,1168.0
394,2017-09-05,화,2642,74,265,0.0,밥,연두부탕,등갈비김치찜,924.0
395,2017-09-06,수,2642,69,275,0.0,밥,꽃게탕,마늘치킨,922.0
396,2017-09-07,목,2642,78,279,0.0,밥,쇠고기미역국,오징어볶음*소면,926.0
397,2017-09-08,금,2642,155,305,0.0,밥,열무된장국,동파육,662.0
398,2017-09-11,월,2642,101,203,0.0,밥,시래기된장국,유자청제육볶음,1350.0
399,2017-09-12,화,2642,72,242,0.0,밥,차돌박이찌개,해물누룽지탕,993.0
400,2017-09-13,수,2642,57,253,0.0,카레라이스,미소장국,떡갈비조림,945.0
401,2017-09-14,목,2642,68,291,0.0,밥,고사리육개장,닭찜,860.0
402,2017-09-15,금,2642,198,290,0.0,밥,참치김치찌개,단호박장조림,602.0
403,2017-09-18,월,2642,93,220,0.0,밥,해물순두부찌개,언양식불고기,1214.0
404,2017-09-19,화,2642,49,246,0.0,밥,들깨버섯국,소고기낙지볶음,958.0
405,2017-09-20,수,2642,62,279,0.0,콩나물밥,가쯔오국,감자프리타타,890.0
406,2017-09-21,목,2642,70,280,0.0,밥,쇠고기샤브국,꽁치구이,820.0
407,2017-09-22,금,2642,174,291,0.0,밥,콩가루배추국,순살양념치킨,735.0
408,2017-09-25,월,2642,97,258,0.0,밥,근대국,짬뽕불고기,1099.0
409,2017-09-26,화,2642,81,261,0.0,밥,시래기들깨탕,닭갈비,902.0
410,2017-09-27,수,2642,70,265,0.0,밥,콩나물국,삼겹살구이,1023.0
411,2017-09-28,목,2642,102,263,0.0,밥,차돌박이찌개,매운주꾸미볶음,589.0
412,2017-09-29,금,2642,214,248,0.0,밥,미역국,쇠불고기/잡채,760.0
413,2017-10-10,화,2645,105,209,0.0,밥,아욱국,훈제오리구이,1265.0
414,2017-10-11,수,2645,60,250,0.0,밥,고추장찌개,레몬탕수육,1109.0
415,2017-10-12,목,2645,46,269,0.0,밥,해물된장찌개,닭찜,989.0
416,2017-10-13,금,2645,63,268,0.0,밥,쇠고기무국,오징어볶음*소면,1015.0
417,2017-10-16,월,2645,90,225,0.0,밥,차돌박이찌개,제육볶음,1173.0
418,2017-10-17,화,2645,56,258,0.0,밥,근대국,고등어조림,848.0
419,2017-10-18,수,2645,45,270,0.0,밥,민물새우찌개,수제돈가스,814.0
420,2017-10-19,목,2645,67,282,0.0,밥,새알미역국,유린기,901.0
421,2017-10-20,금,2645,190,301,0.0,밥,쇠고기매운버섯국,해물청경채볶음,533.0
422,2017-10-23,월,2645,116,250,0.0,밥,콩나물국,버섯불고기,1115.0
423,2017-10-24,화,2645,65,258,0.0,밥,배추된장국,쭈꾸미볶음,1037.0
424,2017-10-25,수,2645,75,289,0.0,곤드레밥*강된장,가쯔오장국,갈치조림,786.0
425,2017-10-26,목,2645,101,302,0.0,밥,육개장,치킨핑거,824.0
426,2017-10-27,금,2645,210,309,0.0,밥,시금치국,돼지갈비찜,567.0
427,2017-10-30,월,2645,124,250,0.0,밥,들깨시래기국,닭갈비,1150.0
428,2017-10-31,화,2645,63,290,0.0,밥,근대국,돈삼겹보쌈,955.0
429,2017-11-01,수,2644,63,279,0.0,카레덮밥,맑은국,개성감자만두,815.0
430,2017-11-02,목,2644,53,304,0.0,밥,사골떡국,오징어볶음,854.0
431,2017-11-03,금,2644,173,304,0.0,밥,된장찌개,누룽지탕수육,644.0
432,2017-11-06,월,2644,93,244,0.0,밥,콩가루배추국,짬뽕불고기,1167.0
433,2017-11-07,화,2644,75,268,0.0,밥,오징어국,수제돈까스,943.0
434,2017-11-08,수,2644,60,276,0.0,콩나물밥,미역장국,언양식불고기,780.0
435,2017-11-09,목,2644,90,287,0.0,밥,해물된장찌개,매운닭찜,797.0
436,2017-11-10,금,2644,184,292,0.0,밥,올갱이아욱국,등갈비김치찜,630.0
437,2017-11-13,월,2644,107,240,0.0,밥,시금치국,소고기불고기,1017.0
438,2017-11-14,화,2644,78,269,0.0,밥,새알미역국,돼지갈비찜,924.0
439,2017-11-15,수,2644,87,276,0.0,곤드레밥*간장양념,청양된장찌개,굴비구이,895.0
440,2017-11-16,목,2644,129,283,0.0,밥,북어계란국,찜닭,736.0
441,2017-11-17,금,2644,213,311,0.0,밥,콩비지찌개,미니채소떡갈비,640.0
442,2017-11-20,월,2644,107,237,0.0,밥,차돌박이찌개,오징어볶음,1115.0
443,2017-11-21,화,2644,77,256,0.0,밥,어묵국,순살파닭,954.0
444,2017-11-22,수,2644,64,277,0.0,단호박영양밥,가쯔오장국,돈육칠리강정,817.0
445,2017-11-23,목,2644,122,288,0.0,밥,쇠고기무국,갈치구이,758.0
446,2017-11-24,금,2644,210,303,0.0,밥,꽃게탕,돈육굴소스볶음,563.0
447,2017-11-27,월,2644,132,262,0.0,밥,아욱국,버섯불고기,1065.0
448,2017-11-28,화,2644,112,265,0.0,밥,연두부탕,사천식탕수육,929.0
449,2017-11-29,수,2644,78,261,0.0,나물비빔밥,미소장국,코다리조림,903.0
450,2017-11-30,목,2644,97,267,0.0,밥,들깨시래기국,제육볶음,781.0
451,2017-12-01,금,2665,243,268,0.0,밥,동태탕,찜닭,660.0
452,2017-12-04,월,2665,117,206,0.0,밥,들깨무채국,돈육피망볶음,1142.0
453,2017-12-05,화,2665,60,225,0.0,밥,소고기된장찌개,낙지볶음,939.0
454,2017-12-06,수,2665,78,254,0.0,콩나물밥,유부주머니국,생선까스&탈탈소스,860.0
455,2017-12-07,목,2665,98,270,0.0,밥,봄동된장국,닭볶음탕,740.0
456,2017-12-08,금,2665,169,304,0.0,밥,부대찌개,미트볼케찹조림,682.0
457,2017-12-11,월,2665,93,219,0.0,밥,해물된장찌개,돈육굴소스볶음,1165.0
458,2017-12-12,화,2665,73,237,0.0,밥,차돌박이찌개,해물누룽지탕,884.0
459,2017-12-13,수,2665,67,246,0.0,카레라이스,미소장국,떡갈비조림,978.0
460,2017-12-14,목,2665,105,266,0.0,밥,우거지해장국,명태코다리조림,875.0
461,2017-12-15,금,2665,208,288,0.0,밥,들깨시래기국,표고버섯탕수육,618.0
462,2017-12-18,월,2665,140,230,0.0,밥,오징어국,버섯불고기,1149.0
463,2017-12-19,화,2665,109,269,0.0,밥,달래된장국,주꾸미볶음,715.0
464,2017-12-20,수,2665,108,262,0.0,밥,민물새우찌개,동파육,814.0
465,2017-12-21,목,2665,127,262,0.0,밥,순두부찌개,훈제오리구이,692.0
466,2017-12-22,금,2665,239,270,0.0,밥,콩나물국,간장마늘치킨,565.0
467,2017-12-26,화,2665,267,227,0.0,밥,꽃게탕,언양식불고기,915.0
468,2017-12-27,수,2665,169,255,0.0,밥,쇠고기미역국,오징어볶음,571.0
469,2017-12-28,목,2665,240,260,0.0,밥,아욱된장국,돼지갈비찜,311.0
470,2017-12-29,금,2665,489,242,0.0,밥,어묵국,닭볶음탕,394.0
471,2018-01-02,화,2655,73,102,0.0,밥,사골떡국,한방소갈비찜,1148.0
472,2018-01-03,수,2655,60,207,0.0,곤드레밥*간장양념,청량된장찌개,굴비구이,883.0
473,2018-01-04,목,2655,67,226,0.0,밥,콩가루배추국,제육볶음,893.0
474,2018-01-05,금,2655,152,246,0.0,밥,부대찌개,깐풍기,762.0
475,2018-01-08,월,2655,100,194,0.0,밥,황태국,소불고기,1178.0
476,2018-01-09,화,2655,70,215,0.0,밥,근대국,양파치킨,816.0
477,2018-01-10,수,2655,58,210,0.0,콩나물밥,맑은국,고추잡채*꽃빵,865.0
478,2018-01-11,목,2655,73,238,0.0,밥,봄동된장국,오징어돈육볶음,911.0
479,2018-01-12,금,2655,163,266,0.0,밥,차돌박이찌개,명태코다리강정,679.0
480,2018-01-15,월,2655,112,192,0.0,밥,아욱국,유자청제육볶음,1256.0
481,2018-01-16,화,2655,73,216,0.0,밥,꽃게탕,미니채소떡갈비,1076.0
482,2018-01-17,수,2655,70,223,0.0,나물비빔밥,가쯔오장국,치킨핑거,969.0
483,2018-01-18,목,2655,98,233,0.0,밥,된장찌개,쇠고기장조림,830.0
484,2018-01-19,금,2655,224,275,0.0,밥,육개장,탕수어,654.0
485,2018-01-22,월,2655,103,211,0.0,밥,북어국,쇠고기숙주볶음,1241.0
486,2018-01-23,화,2655,66,230,0.0,밥,시금치된장국,오징어볶음,872.0
487,2018-01-24,수,2655,51,224,0.0,짜장덮밥,맑은국,과일탕수육,845.0
488,2018-01-25,목,2655,57,225,0.0,밥,김치콩나물국,돈육굴소스볶음,754.0
489,2018-01-26,금,2655,166,262,0.0,밥,연두부탕,순살파닭,722.0
490,2018-01-29,월,2655,70,192,0.0,밥,봄동된장국,가래떡돼지갈비찜,1417.0
491,2018-01-30,화,2655,60,216,0.0,밥,어묵국,닭볶음,1054.0
492,2018-01-31,수,2655,56,223,0.0,김치제육덮밥,미소장국,양장피잡채,1138.0
493,2018-02-01,목,2707,73,254,0.0,밥,닭곰탕,매콤미니함박,1002.0
494,2018-02-02,금,2707,153,278,0.0,밥,차돌박이찌개,표고버섯탕수육,760.0
495,2018-02-05,월,2707,76,213,0.0,밥,순두부찌개,돈육볶음,1372.0
496,2018-02-06,화,2707,50,235,0.0,밥,해물된장찌개,쇠고기장조림,1085.0
497,2018-02-07,수,2707,59,253,0.0,콩나물밥,유부주머니국,언양식불고기,1107.0
498,2018-02-08,목,2707,71,273,0.0,밥,열무된장국,동파삼겹수육,984.0
499,2018-02-09,금,2707,149,296,0.0,밥,부대찌개,해물청경채볶음,724.0
500,2018-02-12,월,2707,103,244,0.0,밥,차돌박이찌개,닭갈비,1251.0
501,2018-02-13,화,2707,106,235,0.0,밥,아욱된장국,사천식탕수육,955.0
502,2018-02-14,수,2707,418,159,0.0,밥,떡국,버섯불고기,850.0
503,2018-02-19,월,2707,255,171,0.0,밥,들깨미역국,훈제오리구이,1298.0
504,2018-02-20,화,2707,82,231,0.0,밥,배추된장국,짬뽕불고기,1105.0
505,2018-02-21,수,2707,74,243,0.0,카레덮밥,맑은국,고구마치즈구이,1087.0
506,2018-02-22,목,2707,82,277,0.0,밥,콩나물국,마늘치킨,988.0
507,2018-02-23,금,2707,161,304,0.0,밥,시금치된장국,등갈비김치찜,651.0
508,2018-02-26,월,2707,105,231,0.0,밥,황태국,소고기숙주볶음,1192.0
509,2018-02-27,화,2707,81,263,0.0,밥,아욱된장국,돼지갈비찜,934.0
510,2018-02-28,수,2707,134,278,0.0,곤드레밥*강된장,어묵국,치킨핑거*요거트소스,786.0
511,2018-03-02,금,2714,840,206,0.0,밥,차돌박이된장찌개,조기구이,508.0
512,2018-03-05,월,2714,92,211,0.0,밥,해물순두부찌개,소고기장조림,1355.0
513,2018-03-06,화,2714,54,242,0.0,밥,근대된장국,닭강정,1020.0
514,2018-03-07,수,2714,41,238,0.0,콩나물밥,가쯔오국,삼치구이,1057.0
515,2018-03-08,목,2714,38,268,0.0,밥,홍합탕,오리불고기,973.0
516,2018-03-09,금,2714,123,294,0.0,밥,쇠고기샤브국,주꾸미볶음,716.0
517,2018-03-12,월,2714,69,217,0.0,밥,배추된장국,버섯불고기,1361.0
518,2018-03-13,화,2714,39,249,0.0,밥,쇠고기무국,미트볼케찹조림,997.0
519,2018-03-14,수,2714,56,245,0.0,밥,시금치된장국,탕수어,948.0
520,2018-03-15,목,2714,47,270,0.0,밥,동태탕,닭데리야끼조림,975.0
521,2018-03-16,금,2714,135,302,0.0,밥,얼갈이국,오징어볶음,707.0
522,2018-03-19,월,2714,80,224,0.0,밥,어묵국,돈육간장볶음,1159.0
523,2018-03-20,화,2714,46,246,0.0,밥,된장찌개,해물누룽지탕,1040.0
524,2018-03-21,수,2714,45,263,0.0,밥,쇠고기미역국,닭볶음탕,1092.0
525,2018-03-22,목,2714,56,290,0.0,밥,우거지해장국,코다리강정,899.0
526,2018-03-23,금,2714,174,307,0.0,밥,열무된장국,수제돈까스,759.0
527,2018-03-26,월,2714,125,226,0.0,밥,차돌박이찌개,닭갈비,1276.0
528,2018-03-27,화,2714,52,258,0.0,밥,콩나물국,등갈비김치찜,1005.0
529,2018-03-28,수,2714,45,252,0.0,단호박카레라이스,유부장국,유린기,926.0
530,2018-03-29,목,2714,51,273,0.0,밥,얼큰소고기국,고추잡채*꽃빵,936.0
531,2018-03-30,금,2714,196,296,0.0,밥,참치김치찌개,주꾸미볶음,616.0
532,2018-04-02,월,2714,83,224,0.0,밥,들깨버섯국,소고기낙지볶음,1212.0
533,2018-04-03,화,2714,56,266,0.0,밥,동태매운탕,언양식불고기,800.0
534,2018-04-04,수,2714,64,267,0.0,곤드레밥*강된장,가쯔오장국,닭오븐구이,903.0
535,2018-04-05,목,2714,69,285,0.0,밥,쑥된장국,류산슬,849.0
536,2018-04-06,금,2714,220,295,0.0,밥,수제비국,양념치킨,741.0
537,2018-04-09,월,2714,118,221,0.0,밥,콩나물국,제육볶음,1283.0
538,2018-04-10,화,2714,66,256,0.0,밥,민물새우찌개,소고기장조림,855.0
539,2018-04-11,수,2714,23,239,0.0,밥,아욱국,오징어볶음,804.0
540,2018-04-12,목,2714,40,268,0.0,밥,순두부찌개,코다리양념조림,796.0
541,2018-04-13,금,2714,164,292,0.0,밥,근대국,안동찜닭,652.0
542,2018-04-16,월,2714,84,234,0.0,밥,배추된장국,짬뽕불고기,1195.0
543,2018-04-17,화,2714,39,261,0.0,밥,무채국,훈제오리구이,900.0
544,2018-04-18,수,2714,49,268,0.0,콩나물밥,열무된장국,치킨핑거,922.0
545,2018-04-19,목,2714,98,288,0.0,밥,알탕,돈육간장볶음,846.0
546,2018-04-20,금,2714,194,303,0.0,밥,돈육김치찌개,가자미카레튀김,605.0
547,2018-04-23,월,2714,89,235,0.0,밥,콩나물국,류산슬,1246.0
548,2018-04-24,화,2714,60,274,0.0,밥,쇠고기미역국,깐풍기,940.0
549,2018-04-25,수,2714,66,285,0.0,비빔밥,유부장국,오징어튀김,851.0
550,2018-04-26,목,2714,69,293,0.0,밥,시래기국,닭매운찜,761.0
551,2018-04-27,금,2714,205,304,0.0,밥,순두부찌개,삼겹살구이,674.0
552,2018-04-30,월,2714,646,180,0.0,밥,어묵국,닭데리야끼조림,629.0
553,2018-05-02,수,2721,110,247,0.0,김치제육덮밥,유부장국,양장피잡채,1137.0
554,2018-05-03,목,2721,102,296,0.0,밥,도토리묵냉국,수제돈까스*칠리소스,883.0
555,2018-05-04,금,2721,241,284,0.0,밥,무청된장국,콩나물제육볶음,630.0
556,2018-05-08,화,2721,133,231,0.0,밥,배추된장국,버섯불고기,1225.0
557,2018-05-09,수,2721,86,269,0.0,밥,돈육김치찌개,탕수어,919.0
558,2018-05-10,목,2721,80,291,0.0,밥,근대국,돈육굴소스볶음,763.0
559,2018-05-11,금,2721,183,296,0.0,밥,소고기무국,오징어볶음,602.0
560,2018-05-14,월,2721,100,229,0.0,밥,시금치된장국,훈제오리구이,1229.0
561,2018-05-15,화,2721,64,272,0.0,밥,얼갈이된장국,등갈비김치찜,1004.0
562,2018-05-16,수,2721,58,264,0.0,카레덮밥,맑은국,고구마치즈구이,1031.0
563,2018-05-17,목,2721,71,278,0.0,밥,콩나물국,닭볶음탕,811.0
564,2018-05-18,금,2721,145,302,0.0,밥,차돌박이된장찌개,주꾸미볶음,563.0
565,2018-05-21,월,2721,861,144,0.0,밥,시래기들깨탕,짬뽕불고기,543.0
566,2018-05-23,수,2721,89,246,0.0,곤드레밥*강된장,얼갈이된장국,마늘치킨,1065.0
567,2018-05-24,목,2721,64,281,0.0,밥,조랭이떡국,돼지갈비찜,754.0
568,2018-05-25,금,2721,136,293,0.0,밥,사과오이냉국,꽁치오븐구이,594.0
569,2018-05-28,월,2721,92,221,0.0,밥,미역국,제육볶음,1306.0
570,2018-05-29,화,2721,73,258,0.0,밥,김치찌개,해물청경채볶음,931.0
571,2018-05-30,수,2721,80,281,0.0,콩나물밥,유부장국,수제돈가스,876.0
572,2018-05-31,목,2721,90,283,0.0,밥,오징어국,동파삼겹수육,856.0
573,2018-06-01,월,2728,180,291,0.0,밥,우거지해장국,치킨핑거,649.0
574,2018-06-04,월,2728,158,215,0.0,밥,콩나물국,돈육간장볶음,1211.0
575,2018-06-05,화,2728,163,233,0.0,밥,된장찌개,닭갈비,884.0
576,2018-06-07,목,2728,187,265,0.0,밥,순두부찌개,고추잡채*꽃빵,890.0
577,2018-06-08,금,2728,252,288,0.0,밥,대구매운탕,완자전,631.0
578,2018-06-11,월,2728,153,195,0.0,밥,배추된장국,버섯불고기,1228.0
579,2018-06-12,화,2728,156,234,0.0,밥,육개장,고등어김치말이,905.0
580,2018-06-14,목,2728,190,260,0.0,밥,근대국,순살파닭,936.0
581,2018-06-15,금,2728,234,295,0.0,밥,부대찌개,오징어볶음,639.0
582,2018-06-18,월,2728,87,229,0.0,밥,미역국,훈제오리구이,1069.0
583,2018-06-19,화,2728,68,247,0.0,밥,꽃게탕,삼치데리야끼,952.0
584,2018-06-20,수,2728,73,257,0.0,열무비빔밥,팽이장국,미니채소떡갈비,875.0
585,2018-06-21,목,2728,72,282,0.0,밥,오이냉국,짬뽕불고기,791.0
586,2018-06-22,금,2728,178,305,0.0,밥,닭개장,코다리강정,552.0
587,2018-06-25,월,2728,104,240,0.0,밥,어묵국,닭갈비,1128.0
588,2018-06-26,화,2728,71,243,0.0,밥,돈육김치찌개,류산슬,1012.0
589,2018-06-27,수,2728,66,277,0.0,카레덮밥,가쯔오장국,깐풍육,957.0
590,2018-06-28,목,2728,83,286,0.0,밥,들깨버섯국,매운돼지갈비찜,803.0
591,2018-06-29,금,2728,210,299,0.0,밥,육개장,동태무조림,507.0
592,2018-07-02,월,2704,96,209,0.0,밥,콩나물국,유자청제육볶음,1258.0
593,2018-07-03,화,2704,71,220,0.0,밥,아욱국,소고기장조림,975.0
594,2018-07-04,수,2704,94,237,0.0,곤드레밥*양념장,맑은국,탕수어,791.0
595,2018-07-05,목,2704,93,270,0.0,밥,근대국,닭볶음탕,876.0
596,2018-07-06,금,2704,194,289,0.0,밥,도토리묵냉국,동파삼겹수육,661.0
597,2018-07-09,월,2704,139,228,0.0,밥,고추장찌개,돈육굴소스볶음,1097.0
598,2018-07-10,화,2704,96,251,0.0,밥,쇠고기매운국,훈제오리구이,838.0
599,2018-07-11,수,2704,95,255,0.0,나물비빔밥,미소장국,오징어튀김,894.0
600,2018-07-12,목,2704,102,270,0.0,밥,호박잎된장찌개,깐풍기,764.0
601,2018-07-13,금,2704,200,302,0.0,밥,어묵국,등갈비김치찜,585.0
602,2018-07-16,월,2704,150,199,0.0,밥,된장찌개,소불고기,1061.0
603,2018-07-17,화,2704,111,256,0.0,삼계탕,밥,생야채,1116.0
604,2018-07-18,수,2704,108,254,0.0,콩나물밥,유부장국,해물까스*칠리소스,839.0
605,2018-07-19,목,2704,113,285,0.0,밥,해물순두부찌개,안동찜닭,748.0
606,2018-07-20,금,2704,273,291,0.0,밥,우무콩국,유자청제육볶음,489.0
607,2018-07-23,월,2704,224,223,0.0,밥,어묵국,돈육굴소스볶음,991.0
608,2018-07-24,화,2704,201,232,0.0,밥,우거지해장국,삼치양념구이,886.0
609,2018-07-25,수,2704,226,256,0.0,밥,쇠고기샤브국,유린기,760.0
610,2018-07-26,목,2704,272,265,0.0,밥,오이지냉국,매운돼지갈비찜,714.0
611,2018-07-27,금,2704,403,271,0.0,밥,닭곰탕,주꾸미떡볶음,589.0
612,2018-07-30,월,2704,487,193,0.0,밥,근대국,닭갈비,944.0
613,2018-07-31,화,2704,433,228,0.0,밥,콩나물국,짬뽕불고기,789.0
614,2018-08-01,수,2996,489,209,0.0,카레덮밥,가쯔오장국,떡갈비조림,820.0
615,2018-08-02,목,2996,548,229,0.0,밥,돈육김치찌개,갈치양념조림,631.0
616,2018-08-03,금,2996,665,242,0.0,밥,연두부탕,닭오븐구이,540.0
617,2018-08-06,월,2996,504,158,0.0,밥,콩나물김치국,소불고기,1092.0
618,2018-08-07,화,2996,469,206,0.0,밥,얼갈이된장국,오징어볶음,773.0
619,2018-08-08,수,2996,470,235,0.0,열무보리비빔밥,맑은국,깐풍육,896.0
620,2018-08-09,목,2996,491,227,0.0,밥,미역오이냉국,돈육장조림,821.0
621,2018-08-10,금,2996,562,254,0.0,밥,된장찌개,굴비구이,548.0
622,2018-08-13,월,2996,575,184,0.0,밥,들깨버섯국,제육볶음,930.0
623,2018-08-14,화,2996,551,217,0.0,밥,차돌박이된장찌개,해물누룽지탕,772.0
624,2018-08-16,목,2996,481,228,0.0,밥,닭개장,동태포전,789.0
625,2018-08-17,금,2996,530,245,0.0,밥,알탕,쇠고기단호박조림,646.0
626,2018-08-20,월,2996,204,206,0.0,밥,시금치된장국,훈제오리구이,1199.0
627,2018-08-21,화,2996,168,237,0.0,밥,미역국,소고기불고기,972.0
628,2018-08-22,수,2996,147,238,0.0,비빔밥,미소장국,해물까스,1000.0
629,2018-08-23,목,2996,132,263,0.0,밥,된장찌개,꽁치레몬구이,835.0
630,2018-08-24,금,2996,219,284,0.0,밥,우무묵냉국,마늘치킨,678.0
631,2018-08-27,월,2996,138,226,0.0,밥,배추된장국,돈육간장불고기,1221.0
632,2018-08-28,화,2996,104,243,0.0,밥,쇠고기샤브국,탕수어,873.0
633,2018-08-29,수,2996,103,258,0.0,콩나물밥,팽이장국,치킨핑거,915.0
634,2018-08-30,목,2996,106,264,0.0,밥,근대국,모듬장조림,849.0
635,2018-08-31,금,2996,216,289,0.0,밥,조랭이떡국,소고기낙지볶음,817.0
636,2018-09-03,월,2763,122,233,0.0,밥,콩나물국,버섯불고기,1213.0
637,2018-09-04,화,2763,91,262,0.0,밥,들깨시래기국,동파삼겹수육,938.0
638,2018-09-05,수,2763,93,269,0.0,김치제육덮밥,맑은국,샐러드파스타,829.0
639,2018-09-06,목,2763,106,283,0.0,밥,꽃게탕,간장찜닭,830.0
640,2018-09-07,금,2763,164,303,0.0,밥,미역국,매운주꾸미볶음,581.0
641,2018-09-10,월,2763,99,243,0.0,밥,연두부국,돈육고추장불고기,1144.0
642,2018-09-11,화,2763,67,272,0.0,밥,쇠고기미역국,닭매운찜,960.0
643,2018-09-12,수,2763,73,300,0.0,소불고기덮밥,가쯔오장국,오징어튀김,805.0
644,2018-09-13,목,2763,67,306,0.0,밥,시래기국,등갈비김치찜,882.0
645,2018-09-14,금,2763,174,313,0.0,밥,고추장찌개,언양식불고기,405.0
646,2018-09-17,월,2763,91,252,0.0,밥,어묵국,돈육굴소스볶음,1189.0
647,2018-09-18,화,2763,67,289,0.0,밥,닭개장,류산슬,946.0
648,2018-09-19,수,2763,77,288,0.0,카레덮밥,유부장국,감자프리타타,833.0
649,2018-09-20,목,2763,93,277,0.0,밥,꽃게탕,소고기장조림,817.0
650,2018-09-21,금,2763,260,241,0.0,밥,아욱된장국,돼지갈비찜/잡채,929.0
651,2018-10-08,월,2805,424,233,0.0,밥,어묵탕,돈육고추장불고기,895.0
652,2018-10-10,수,2805,80,232,0.0,곤드레밥*강된장,맑은국,돈육강정,1319.0
653,2018-10-11,목,2805,67,240,0.0,밥,들깨버섯국,오징어볶음,1211.0
654,2018-10-12,금,2805,192,288,0.0,밥,설렁탕,김치전,622.0
655,2018-10-15,월,2805,101,243,0.0,밥,열무된장국,버섯불고기,1235.0
656,2018-10-16,화,2805,63,273,0.0,밥,매운소고기무국,조기구이,928.0
657,2018-10-17,수,2805,68,294,0.0,콩나물밥,유부장국,생선가스*칠리소스,761.0
658,2018-10-18,목,2805,74,299,0.0,밥,감자국,김치제육볶음,857.0
659,2018-10-19,금,2805,207,303,0.0,밥,오징어국,닭갈비,627.0
660,2018-10-22,월,2805,141,236,0.0,밥,고추장찌개,돈육간장불고기,1176.0
661,2018-10-23,화,2805,73,277,0.0,밥,콩비지찌개,닭볶음탕,902.0
662,2018-10-24,수,2805,82,299,0.0,밥,콩나물국,등갈비김치찜,777.0
663,2018-10-25,목,2805,110,315,0.0,밥,얼갈이국,쇠고기낙지볶음,722.0
664,2018-10-26,금,2805,263,308,0.0,밥,근대국,오징어볶음,528.0
665,2018-10-29,월,2805,155,250,0.0,밥,황태국,소불고기,1156.0
666,2018-10-30,화,2805,89,300,0.0,밥,어묵국,동파삼겹수육,932.0
667,2018-10-31,수,2805,111,306,0.0,밥,콩나물국,수제돈가스,930.0
668,2018-11-01,목,2815,89,299,0.0,밥,시래기국,마늘간장치킨,703.0
669,2018-11-02,금,2815,211,299,0.0,밥,배추된장국,훈제오리구이,539.0
670,2018-11-05,월,2815,104,248,0.0,밥,쇠고기샤브국,오징어볶음,1088.0
671,2018-11-06,화,2815,69,269,0.0,밥,매운콩나물국,닭데리야끼구이,813.0
672,2018-11-07,수,2815,68,299,0.0,곤드레밥*강된장,맑은국,사천식탕수육,860.0
673,2018-11-08,목,2815,72,285,0.0,밥,미역국,닭갈비,926.0
674,2018-11-09,금,2815,185,302,0.0,밥,육개장,고등어구이,496.0
675,2018-11-12,월,2815,123,228,0.0,밥,순두부찌개,소고기불고기,1154.0
676,2018-11-13,화,2815,91,280,0.0,밥,청국장찌개,돈육강정,783.0
677,2018-11-14,수,2815,89,263,0.0,콩나물밥*양념장,팽이장국,치킨핑거*요거트드레싱,800.0
678,2018-11-15,목,2815,147,282,0.0,밥,아욱국,유자청제육볶음,747.0
679,2018-11-16,금,2815,251,295,0.0,밥,알탕,언양식불고기,616.0
680,2018-11-19,월,2815,118,230,0.0,밥,꽃게탕,돈육굴소스볶음,1124.0
681,2018-11-20,화,2815,70,278,0.0,밥,들깨시래기국,주꾸미볶음,740.0
682,2018-11-21,수,2815,81,290,0.0,카레덮밥,맑은국,새우까스*탈탈소스,832.0
683,2018-11-22,목,2815,80,287,0.0,밥,콩나물국,닭볶음탕,718.0
684,2018-11-23,금,2815,222,305,0.0,밥,근대국,버섯불고기,527.0
685,2018-11-26,월,2815,107,215,0.0,밥,얼갈이국,닭갈비,1077.0
686,2018-11-27,화,2815,60,264,0.0,밥,배추된장국,짬뽕불고기,839.0
687,2018-11-28,수,2815,69,298,0.0,나물비빔밥,가쯔오장국,오징어튀김,862.0
688,2018-11-29,목,2815,86,293,0.0,밥,두부김치국,레몬탕수육,794.0
689,2018-11-30,금,2815,196,314,0.0,밥,매운버섯국,해물누룽지탕,543.0
690,2018-12-03,월,2846,80,187,0.0,밥,미역국,쇠고기낙지볶음,1248.0
691,2018-12-04,화,2846,64,246,0.0,밥,차돌박이찌개,유린기,911.0
692,2018-12-05,수,2846,87,254,0.0,단호박영양밥,유부장국,언양식불고기,885.0
693,2018-12-06,목,2846,90,266,0.0,밥,콩나물국,오리불고기,765.0
694,2018-12-07,금,2846,182,300,0.0,밥,떡만두국,쇠고기모듬장조림,674.0
695,2018-12-10,월,2846,98,204,0.0,밥,아욱국,제육볶음,1201.0
696,2018-12-11,화,2846,69,250,0.0,밥,시금치국,등갈비김치찜,883.0
697,2018-12-12,수,2846,75,262,0.0,콩나물밥*양념장,가쯔오국,가자미튀김,788.0
698,2018-12-13,목,2846,65,253,0.0,밥,매운어묵국,동파삼겹수육,765.0
699,2018-12-14,금,2846,160,277,0.0,밥,동태찌개,치즈함박스테이크,664.0
700,2018-12-17,월,2846,90,201,0.0,밥,콩나물국,짬뽕불고기,1170.0
701,2018-12-18,화,2846,87,243,0.0,밥,연두부탕,닭볶음탕,813.0
702,2018-12-19,수,2846,86,256,0.0,곤드레밥*강된장,팽이장국,탕수어,710.0
703,2018-12-20,목,2846,106,242,0.0,밥,근대국,돼지갈비찜,784.0
704,2018-12-21,금,2846,175,261,0.0,밥,닭개장,갈치양념조림,456.0
705,2018-12-24,월,2846,894,159,0.0,밥,열무된장국,훈제오리구이,296.0
706,2018-12-26,수,2846,184,241,0.0,밥,아욱국,돈육굴소스볶음,695.0
707,2018-12-27,목,2846,182,253,0.0,밥,순두부찌개,오징어볶음,517.0
708,2018-12-28,금,2846,315,264,0.0,밥,고추장찌개,버섯불고기,491.0
709,2018-12-31,월,2846,1085,132,0.0,밥,콩나물국,돈육고추장불고기,332.0
710,2019-01-02,수,2985,108,129,0.0,밥,떡국,소갈비찜,1201.0
711,2019-01-03,목,2985,120,207,0.0,밥,차돌박이찌개,안동찜닭,858.0
712,2019-01-04,금,2985,218,234,0.0,밥,두부김치국,언양식불고기,668.0
713,2019-01-07,월,2985,113,211,0.0,밥,시래기국,쇠고기숙주볶음,1072.0
714,2019-01-08,화,2985,98,223,0.0,밥,콩나물국,치즈함박스테이크,839.0
715,2019-01-09,수,2985,85,225,0.0,비빔밥,맑은국,치킨핑거*요거트소스,778.0
716,2019-01-10,목,2985,94,243,0.0,밥,육개장,탕수육,767.0
717,2019-01-11,금,2985,177,251,0.0,밥,꽃게탕,고추잡채*꽃빵,627.0
718,2019-01-14,월,2985,99,186,0.0,밥,알탕,돈육굴소스볶음,1163.0
719,2019-01-15,화,2985,71,223,0.0,밥,어묵국,등갈비김치말이,963.0
720,2019-01-16,수,2985,80,228,0.0,짜장덮밥,맑은국,유산슬,1021.0
721,2019-01-17,목,2985,71,247,0.0,밥,봄동된장국,쇠고기낙지볶음,837.0
722,2019-01-18,금,2985,196,276,0.0,밥,콩나물김치국,순살파닭,585.0
723,2019-01-21,월,2985,114,199,0.0,밥,고추장찌개,버섯불고기,1270.0
724,2019-01-22,화,2985,73,230,0.0,밥,배추된장국,닭볶음탕,889.0
725,2019-01-23,수,2985,86,224,0.0,콩나물밥,맑은국,생선까스*탈탈소스,958.0
726,2019-01-24,목,2985,91,241,0.0,밥,얼갈이국,누룽지탕수육,827.0
727,2019-01-25,금,2985,186,267,0.0,밥,수제비국,짬뽕불고기,667.0
728,2019-01-28,월,2985,94,203,0.0,밥,된장찌개,김치제육볶음,1140.0
729,2019-01-29,화,2985,61,219,0.0,밥,새알만두국,양파치킨,968.0
730,2019-01-30,수,2985,66,226,0.0,카레덮밥,유부장국,새우까스*칠리소스,679.0
731,2019-01-31,목,2985,96,218,0.0,밥,청국장찌개,갈치구이,765.0
732,2019-02-01,금,2806,283,180,0.0,밥,시금치국,동파삼겹수육,804.0
733,2019-02-07,목,2806,392,101,0.0,밥,열무된장국,훈제오리구이,1144.0
734,2019-02-08,금,2806,373,190,0.0,밥,황태국,제육볶음,970.0
735,2019-02-11,월,2806,67,159,0.0,밥,어묵국,소불고기,1459.0
736,2019-02-12,화,2806,51,240,0.0,밥,순두부찌개,돈육장조림,1102.0
737,2019-02-13,수,2806,61,231,0.0,낙지비빔밥,맑은국,메추리알조림,1044.0
738,2019-02-14,목,2806,73,239,0.0,밥,꽃게탕,미니채소떡갈비,963.0
739,2019-02-15,금,2806,159,278,0.0,밥,봄동된장국,오징어볶음,682.0
740,2019-02-18,월,2806,104,195,0.0,밥,콩비지찌개,치즈함박스테이크,1314.0
741,2019-02-19,화,2806,62,228,0.0,밥,차돌박이찌개,굴비구이,1052.0
742,2019-02-20,수,2806,65,241,0.0,곤드레밥*양념장,맑은국,치킨핑거,1005.0
743,2019-02-21,목,2806,81,269,0.0,밥,아욱국,돼지갈비찜,955.0
744,2019-02-22,금,2806,178,301,0.0,밥,돈육김치찌개,언양식불고기,631.0
745,2019-02-25,월,2806,122,214,0.0,밥,고추장찌개,버섯불고기,1299.0
746,2019-02-26,화,2806,109,239,0.0,밥,쇠고기미역국,미트볼칠리조림,924.0
747,2019-02-27,수,2806,100,274,0.0,비빔밥,유부장국,오징어튀김,944.0
748,2019-02-28,목,2806,254,271,0.0,밥,콩가루배추된장국,돈삼겹보쌈,772.0
749,2019-03-04,월,2836,213,172,0.0,밥,해물된장찌개,돈육간장불고기,1274.0
750,2019-03-05,화,2836,67,230,0.0,밥,육개장,고추잡채*꽃빵,940.0
751,2019-03-06,수,2836,56,238,0.0,콩나물밥,미역장국,코다리강정,1061.0
752,2019-03-07,목,2836,45,265,0.0,밥,북어해장국,소고기낙지볶음,845.0
753,2019-03-08,금,2836,130,300,0.0,밥,차돌박이찌개,해물누룽지탕,663.0
754,2019-03-11,월,2836,81,205,0.0,밥,어묵국,쇠고기숙주볶음,1277.0
755,2019-03-12,화,2836,59,244,0.0,밥,쑥국,안동찜닭,956.0
756,2019-03-13,수,2836,61,244,0.0,카레덮밥,가쯔오장국,고구마치즈구이,953.0
757,2019-03-14,목,2836,62,286,0.0,밥,우거지해장국,갈치구이,791.0
758,2019-03-15,금,2836,174,304,0.0,밥,열무된장국,등갈비김치찜,630.0
759,2019-03-18,월,2836,107,217,0.0,밥,콩나물국,버섯불고기,1261.0
760,2019-03-19,화,2836,72,248,0.0,밥,아욱국,동파육,990.0
761,2019-03-20,수,2836,77,261,0.0,김치제육덮밥,맑은국,야채튀김,970.0
762,2019-03-21,목,2836,81,260,0.0,밥,미역국,한방소갈비찜,1214.0
763,2019-03-22,금,2836,168,295,0.0,밥,해물된장찌개,돈육굴소스볶음,567.0
764,2019-03-25,월,2836,111,232,0.0,밥,꽃게탕,소고기장조림,1150.0
765,2019-03-26,화,2836,83,252,0.0,밥,무채국,제육볶음,919.0
766,2019-03-27,수,2836,92,259,0.0,단호박영양밥,가쯔오장국,돈육칠리강정,856.0
767,2019-03-28,목,2836,84,282,0.0,밥,어묵탕,매운돼지갈비찜,810.0
768,2019-03-29,금,2836,239,301,0.0,밥,알탕,미니함박조림,481.0
769,2019-04-01,월,2822,126,197,0.0,밥,황태국,소고기숙주볶음,1029.0
770,2019-04-02,화,2822,67,253,0.0,밥,연두부탕,오징어볶음,855.0
771,2019-04-03,수,2822,59,283,0.0,곤드레밥*강된장,들깨시래기국,순대볶음,790.0
772,2019-04-04,목,2822,60,288,0.0,밥,돈육김치찌개,안동찜닭,745.0
773,2019-04-05,금,2822,185,303,0.0,밥,조랭이떡미역국,짬뽕불고기,575.0
774,2019-04-08,월,2822,104,222,0.0,밥,된장찌개,유자청돈육볶음,1105.0
775,2019-04-09,화,2822,69,239,0.0,밥,순두부찌개,주꾸미볶음,876.0
776,2019-04-10,수,2822,64,245,0.0,나물비빔밥,가쯔오장국,오징어튀김,789.0
777,2019-04-11,목,2822,52,248,0.0,밥,콩나물국,수제돈까스,845.0
778,2019-04-12,금,2822,155,288,0.0,밥,아욱국,닭오븐구이,553.0
779,2019-04-15,월,2822,113,178,0.0,밥,매운어묵국,버섯불고기,1184.0
780,2019-04-16,화,2822,54,234,0.0,밥,열무된장국,닭볶음탕,905.0
781,2019-04-17,수,2822,57,263,0.0,밥,떡국,오징어볶음,910.0
782,2019-04-18,목,2822,76,281,0.0,밥,매운버섯국,미트볼케찹조림,767.0
783,2019-04-19,금,2822,230,294,0.0,짜장덮밥,맑은국,사천식탕수육,683.0
784,2019-04-22,월,2822,109,253,0.0,밥,들깨시래기국,유자청돈육볶음,1094.0
785,2019-04-23,화,2822,60,272,0.0,밥,된장찌개,쇠고기장조림,886.0
786,2019-04-24,수,2822,59,273,0.0,카레라이스,미소장국,언양식불고기,1034.0
787,2019-04-25,목,2822,85,294,0.0,밥,두부김치국,해물누룽지탕,702.0
788,2019-04-26,금,2822,215,297,0.0,밥,미역국,돈육간장강정,572.0
789,2019-04-29,월,2822,152,252,0.0,밥,김치콩나물국,버섯불고기,1207.0
790,2019-04-30,화,2822,152,298,0.0,밥,소고기샤브국,오징어볶음,714.0
791,2019-05-02,목,2825,247,303,0.0,밥,해물된장찌개,안동찜닭,758.0
792,2019-05-03,금,2825,348,276,0.0,밥,순두부찌개,미니채소떡갈비,654.0
793,2019-05-07,화,2825,135,271,0.0,밥,어묵국,훈제오리구이,1221.0
794,2019-05-08,수,2825,81,296,0.0,콩나물밥,가쯔오장국,치킨핑거/요거트D,881.0
795,2019-05-09,목,2825,92,286,0.0,밥,근대국,보쌈,958.0
796,2019-05-10,금,2825,166,302,0.0,밥,참치김치찌개,소고기장조림,607.0
797,2019-05-13,월,2825,119,231,0.0,밥,아욱국,제육볶음,1111.0
798,2019-05-14,화,2825,76,256,0.0,밥,차돌된장찌개,해물청경채볶음,907.0
799,2019-05-15,수,2825,69,284,0.0,산채비빔밥,가쯔오장국,치킨너겟*머스타드,888.0
800,2019-05-16,목,2825,72,283,0.0,밥,연두부탕,돼지갈비찜,790.0
801,2019-05-17,금,2825,224,291,0.0,밥,버섯매운탕,탕수어,408.0
802,2019-05-20,월,2825,100,223,0.0,밥,된장찌개,소고기숙주나물볶음,1174.0
803,2019-05-21,화,2825,64,279,0.0,밥,해물순두부찌개,수원왕갈비통닭,844.0
804,2019-05-22,수,2825,60,272,0.0,밥,꽃게탕,새송이떡갈비구이,831.0
805,2019-05-23,목,2825,61,302,0.0,밥,소고기국,가자미튀김,658.0
806,2019-05-24,금,2825,193,307,0.0,낙지비빔밥,콩나물국,부추전,508.0
807,2019-05-27,월,2825,86,212,0.0,밥,북어국,돈육콩나물불고기,1219.0
808,2019-05-28,화,2825,54,229,0.0,밥,오징어국,안동찜닭,931.0
809,2019-05-29,수,2825,50,237,0.0,밥,배추된장국,수제돈가스,896.0
810,2019-05-30,목,2825,73,258,0.0,밥,육개장,고등어구이,836.0
811,2019-05-31,금,2825,179,291,0.0,봄나물비빔밥,맑은국,함박스테이크,640.0
812,2019-06-03,월,2758,87,225,0.0,밥,콩나물국,짬뽕불고기,1221.0
813,2019-06-04,화,2758,65,251,0.0,밥,아욱국,등갈비김치찜,962.0
814,2019-06-05,수,2758,144,247,0.0,곤드레밥*양념장,맑은국,코다리조림,761.0
815,2019-06-07,금,2758,890,219,0.0,밥,고추장찌개,언양식불고기,389.0
816,2019-06-10,월,2758,114,236,0.0,밥,매운어묵국,소불고기,1232.0
817,2019-06-11,화,2758,55,267,0.0,밥,부대찌개,오징어볶음,804.0
818,2019-06-12,수,2758,60,278,0.0,김치제육덮밥,맑은국,사과고구마그라탕,876.0
819,2019-06-13,목,2758,65,288,0.0,밥,옹심이만두국,닭볶음탕,679.0
820,2019-06-14,금,2758,193,295,0.0,밥,오이냉국,사천식탕수육,538.0
821,2019-06-17,월,2758,95,240,0.0,밥,열무된장국,돼지고기유자청볶음,1099.0
822,2019-06-18,화,2758,65,264,0.0,밥,북어해장국,매운돼지갈비찜,853.0
823,2019-06-19,수,2758,78,260,0.0,짜장덮밥,맑은국,깐풍기,882.0
824,2019-06-20,목,2758,90,291,0.0,밥,감자국,주꾸미볶음,625.0
825,2019-06-21,금,2758,188,294,0.0,밥,청국장찌개,소고기장조림,505.0
826,2019-06-24,월,2758,101,213,0.0,밥,어묵국,소불고기,1105.0
827,2019-06-25,화,2758,67,265,0.0,밥,참치김치찌개,돈육장조림,775.0
828,2019-06-26,수,2758,69,282,0.0,카레덮밥,가쯔오장국,고구마치즈구이,946.0
829,2019-06-27,목,2758,85,280,0.0,밥,소고기미역국,양념치킨,808.0
830,2019-06-28,금,2758,229,288,0.0,콩나물밥*양념장,팽이장국,치킨핑거*요거트드레싱,535.0
831,2019-07-01,월,2760,115,218,0.0,밥,순두부찌개,치즈함박스테이크,1175.0
832,2019-07-02,화,2760,87,237,0.0,밥,사과오이냉국,쇠고기낙지볶음,787.0
833,2019-07-03,수,2760,82,265,0.0,마파두부덮밥,맑은국,치킨너겟,910.0
834,2019-07-04,목,2760,95,309,0.0,밥,열무된장국,짬뽕불고기,699.0
835,2019-07-05,금,2760,210,289,0.0,밥,김치두부국,훈제오리구이,546.0
836,2019-07-08,월,2760,155,277,0.0,밥,오징어국,버섯불고기,985.0
837,2019-07-09,화,2760,75,275,0.0,밥,시래기국,닭볶음탕,861.0
838,2019-07-10,수,2760,123,286,0.0,열무보리비빔밥,가쯔오장국,깐풍육,862.0
839,2019-07-11,목,2760,102,301,0.0,밥,근대국,삼겹보쌈,730.0
840,2019-07-12,금,2760,244,306,0.0,<초복특식>,삼계탕,밥,856.0
841,2019-07-15,월,2760,144,232,0.0,밥,차돌박이찌개,돈육굴소스볶음,1127.0
842,2019-07-16,화,2760,100,227,0.0,밥,북어계란국,닭갈비,952.0
843,2019-07-17,수,2760,96,259,0.0,산채비빔밥,미소장국,야채튀김,814.0
844,2019-07-18,목,2760,113,274,0.0,밥,돈육김치찌개,미니채소떡갈비,734.0
845,2019-07-19,금,2760,236,291,0.0,밥,소고기무국,갈치구이,538.0
846,2019-07-22,월,2760,223,218,0.0,밥,매운어묵국,소고기숙주볶음,1013.0
847,2019-07-23,화,2760,206,246,0.0,밥,시금치된장국,등갈비김치찜,855.0
848,2019-07-24,수,2760,224,252,0.0,카레라이스,가쯔오국,갈비통통만두,744.0
849,2019-07-25,목,2760,276,279,0.0,밥,매운소고기국,유린기,668.0
850,2019-07-26,금,2760,396,280,0.0,밥,우묵냉국,고구마함박스테이크,462.0
851,2019-07-29,월,2760,475,183,0.0,밥,시금치국,유자청제육볶음,898.0
852,2019-07-30,화,2760,434,213,0.0,밥,사과오이냉국,장어강정,745.0
853,2019-07-31,수,2760,495,231,0.0,곤드레밥*양념장,맑은국,해물누룽지탕,619.0
854,2019-08-01,목,3305,546,219,0.0,밥,아욱국,닭볶음탕,648.0
855,2019-08-02,금,3305,687,237,0.0,밥,고추장찌개,미트볼케찹조림,440.0
856,2019-08-05,월,3305,462,183,0.0,밥,콩나물국,닭갈비,936.0
857,2019-08-06,화,3305,427,203,0.0,밥,도토리묵냉국,짬뽕불고기,798.0
858,2019-08-07,수,3305,421,233,0.0,짜장덮밥,맑은국,고추잡채*꽃빵,841.0
859,2019-08-08,목,3305,430,254,0.0,밥,아욱국,돼지갈비찜,781.0
860,2019-08-09,금,3305,496,261,0.0,밥,차돌된장찌개,주꾸미볶음,641.0
861,2019-08-12,월,3305,394,208,0.0,밥,된장찌개,소고기숙주볶음,1073.0
862,2019-08-13,화,3305,345,254,0.0,밥,꽃게탕,언양식불고기,813.0
863,2019-08-14,수,3305,430,246,0.0,콩나물밥,올챙이만두국,유린기,713.0
864,2019-08-16,금,3305,1026,208,0.0,밥,닭개장,쇠고기장조림,466.0
865,2019-08-19,월,3305,264,212,0.0,밥,시래기국,유자청제육볶음,1249.0
866,2019-08-20,화,3305,205,255,0.0,밥,소고기미역국,닭강정,955.0
867,2019-08-21,수,3305,214,265,0.0,산채비빔밥,미소장국,오징어튀김,923.0
868,2019-08-22,목,3305,178,275,0.0,밥,닭곰탕,류산슬,880.0
869,2019-08-23,금,3305,268,295,0.0,밥,돈육김치찌개,미니채소떡갈비,599.0
870,2019-08-26,월,3305,162,230,0.0,밥,꽃게탕,함박스테이크,1221.0
871,2019-08-27,화,3305,118,266,0.0,밥,고추장찌개,버섯불고기,921.0
872,2019-08-28,수,3305,123,274,0.0,카레덮밥,맑은국,치킨핑거,899.0
873,2019-08-29,목,3305,132,289,0.0,밥,배추된장국,훈제오리구이,845.0
874,2019-08-30,금,3305,253,305,0.0,밥,부대찌개,굴비구이,575.0
875,2019-09-02,월,3111,137,213,0.0,밥,들깨시락국,돈육김치볶음,1363.0
876,2019-09-03,화,3111,103,254,0.0,밥,차돌박이찌개,소고기장조림,944.0
877,2019-09-04,수,3111,102,270,0.0,단호박영양밥,유부장국,새송이너비아니구이,769.0
878,2019-09-05,목,3111,118,292,0.0,밥,토란국,매운돼지갈비찜,778.0
879,2019-09-06,금,3111,214,301,0.0,밥,된장찌개,수제돈까스,687.0
880,2019-09-09,월,3111,148,217,0.0,밥,김치콩나물국,짬뽕불고기,1228.0
881,2019-09-10,화,3111,142,238,0.0,밥,맑은순두부국,사천식탕수육,812.0
882,2019-09-11,수,3111,426,135,0.0,나물비빔밥,팽이장국,생선까스*칠리소스,916.0
883,2019-09-16,월,3111,259,180,0.0,밥,황태국,훈제오리고추장볶음,1283.0
884,2019-09-17,화,3111,75,241,0.0,밥,꽃게된장찌개,돈육굴소스볶음,1010.0
885,2019-09-18,수,3111,71,250,0.0,밥,소고기미역국,탄두리치킨,1006.0
886,2019-09-19,목,3111,80,290,0.0,밥,쇠고기샤브국,주꾸미볶음,701.0
887,2019-09-20,금,3111,182,302,0.0,밥,열무된장국,대패삼겹*파채,662.0
888,2019-09-23,월,3111,114,214,0.0,밥,근대국,유자청제육볶음,1239.0
889,2019-09-24,화,3111,71,265,0.0,밥,얼갈이된장국,버섯불고기,899.0
890,2019-09-25,수,3111,60,285,0.0,곤드레밥*양념장,맑은국,돈육강정,803.0
891,2019-09-26,목,3111,75,312,0.0,밥,콩나물김치국,해물누룽지탕,620.0
892,2019-09-27,금,3111,177,309,0.0,밥,어묵국,언양식불고기,722.0
893,2019-09-30,월,3111,283,231,0.0,밥,콩가루배추국,짬뽕불고기,1030.0
894,2019-10-02,수,3121,244,217,0.0,밥,돈육김치찌개,닭갈비,1241.0
895,2019-10-04,금,3121,268,231,0.0,밥,해물된장찌개,소불고기,1215.0
896,2019-10-07,월,3121,193,215,0.0,밥,콩비지찌개,돈육굴소스볶음,1133.0
897,2019-10-08,화,3121,214,262,0.0,밥,동태탕,마늘간장치킨,883.0
898,2019-10-10,목,3121,284,269,0.0,밥,옹심이만두국,굴비구이,862.0
899,2019-10-11,금,3121,389,285,0.0,밥,아욱국,매운돼지갈비찜,566.0
900,2019-10-14,월,3121,152,237,0.0,밥,북어해장국,제육볶음,1140.0
901,2019-10-15,화,3121,112,260,0.0,밥,콩나물국,닭갈비,867.0
902,2019-10-16,수,3121,116,278,0.0,콩나물밥,가쯔오국,돈육강정,765.0
903,2019-10-17,목,3121,144,301,0.0,밥,알탕,해물굴소스볶음,708.0
904,2019-10-18,금,3121,332,300,0.0,밥,우거지된장국,쇠고기장조림,581.0
905,2019-10-21,월,3121,168,227,0.0,밥,고추장찌개,훈제오리단호박볶음,1107.0
906,2019-10-22,화,3121,99,378,0.0,밥,얼큰순두부찌개,짬뽕불고기,1090.0
907,2019-10-23,수,3121,89,286,0.0,카레라이스,우동국,유린기,785.0
908,2019-10-24,목,3121,129,313,0.0,밥,건새우아욱국,등갈비김치말이,705.0
909,2019-10-25,금,3121,316,323,0.0,나물비빔밥,팽이장국,생선까스*칠리소스,546.0
910,2019-10-28,월,3121,219,267,0.0,밥,소고기미역국,유자청제육볶음,915.0
911,2019-10-29,화,3121,112,293,0.0,밥,된장찌개,오징어볶음,808.0
912,2019-10-30,수,3121,122,294,0.0,마파두부덮밥,맑은국,치킨핑거,771.0
913,2019-10-31,목,3121,130,312,0.0,밥,매운콩나물국,동파삼겹수육,671.0
914,2019-11-01,금,3104,248,327,0.0,밥,옥수수스프,딸기드레싱샐러드,586.0
915,2019-11-04,월,3104,155,239,0.0,밥,근대국,소고기낙지볶음,1058.0
916,2019-11-05,화,3104,86,289,0.0,밥,고추장찌개,순살파닭,773.0
917,2019-11-06,수,3104,119,295,0.0,김치제육덮밥,가쯔오장국,시금치프리타타,773.0
918,2019-11-07,목,3104,133,302,0.0,밥,오징어국,미니채소떡갈비,700.0
919,2019-11-08,금,3104,271,309,0.0,야채볶음밥*짜장소스,미역장국,사천식탕수육,535.0
920,2019-11-11,월,3104,150,236,0.0,밥,돈육김치찌개,언양식불고기*양파채,1079.0
921,2019-11-12,화,3104,106,272,0.0,밥,차돌된장찌개,주꾸미볶음,769.0
922,2019-11-13,수,3104,136,290,0.0,곤드레밥*양념장,맑은국,돈육강정,733.0
923,2019-11-14,목,3104,188,286,0.0,밥,콩나물국,해물누룽지탕,677.0
924,2019-11-15,금,3104,365,303,0.0,김치볶음밥,나가사끼짬뽕국,치킨텐더샐러드,543.0
925,2019-11-18,월,3104,183,230,0.0,밥,김치콩나물국,소고기장조림,1032.0
926,2019-11-19,화,3104,139,285,0.0,밥,육개장,탕수어,762.0
927,2019-11-20,수,3104,174,288,0.0,콩나물밥*양념장,미소장국,닭강정,759.0
928,2019-11-21,목,3104,188,304,0.0,밥,된장찌개,류산슬,613.0
929,2019-11-22,금,3104,329,310,0.0,카레덮밥,맑은국,생선까스,551.0
930,2019-11-25,월,3104,170,235,0.0,밥,고추장찌개,버섯불고기,1097.0
931,2019-11-26,화,3104,129,270,0.0,밥,김치두부국,누룽지탕수육,816.0
932,2019-11-27,수,3104,134,288,0.0,나물비빔밥,맑은국,감자치즈구이,732.0
933,2019-11-28,목,3104,167,297,0.0,밥,아욱국,닭볶음탕,644.0
934,2019-11-29,금,3104,282,326,0.0,오므라이스,미소장국,모듬튀김,572.0
935,2019-12-02,월,3111,169,201,0.0,밥,열무된장국,훈제오리구이,1140.0
936,2019-12-03,화,3111,115,247,0.0,밥,홍합탕,마늘간장치킨,873.0
937,2019-12-04,수,3111,118,257,0.0,김치볶음밥/계란,팽이장국,해물까스*칠리소스,879.0
938,2019-12-05,목,3111,145,280,0.0,밥,쇠고기샤브국,닭갈비,779.0
939,2019-12-06,금,3111,312,299,0.0,밥,근대국,수제돈가스,631.0
940,2019-12-09,월,3111,190,192,0.0,밥,들깨시래기국,유자청돈육볶음,1120.0
941,2019-12-10,화,3111,155,248,0.0,밥,매운소고기국,유린기,742.0
942,2019-12-11,수,3111,168,265,0.0,단호박영양밥,유부장국,새송이너비아니구이,858.0
943,2019-12-12,목,3111,190,257,0.0,밥,굴미역국,매운돼지갈비찜,731.0
944,2019-12-13,금,3111,266,310,0.0,밥,참치김치찌개,안동찜닭,639.0
945,2019-12-16,월,3111,206,211,0.0,밥,열무된장국,훈제오리볶음,1103.0
946,2019-12-17,화,3111,155,267,0.0,밥,무채국,소고기숙주볶음,739.0
947,2019-12-18,수,3111,169,283,0.0,콩나물밥,미소장국,언양식불고기*양파채,683.0
948,2019-12-19,목,3111,165,270,0.0,밥,된장찌개,대패삼겹*파채,862.0
949,2019-12-20,금,3111,337,261,0.0,밥,감자양파국,매운닭찜,481.0
950,2019-12-23,월,3111,343,228,0.0,밥,아욱국,돈육김치볶음,741.0
951,2019-12-24,화,3111,478,216,0.0,밥,오징어국,치킨핑거,462.0
952,2019-12-26,목,3111,538,249,0.0,밥,된장찌개,짬뽕불고기,594.0
953,2019-12-27,금,3111,706,236,0.0,파인애플볶음밥,가쯔오장국,사천식탕수육,387.0
954,2019-12-30,월,3111,563,192,0.0,밥,고추장찌개,버섯불고기,652.0
955,2019-12-31,화,3111,709,149,0.0,밥,배추된장국,닭볶음탕,349.0
956,2020-01-02,목,2821,255,133,0.0,밥,떡국,제육볶음,985.0
957,2020-01-03,금,2821,321,186,0.0,비빔밥,미소장국,탕수어,635.0
958,2020-01-06,월,2821,119,203,5.0,밥,된장찌개,돈육김치볶음,1133.0
959,2020-01-07,화,2821,95,204,7.0,밥,미역국,순살파닭,904.0
960,2020-01-08,수,2821,117,222,5.0,곤드레밥*양념장,맑은국,돈육강정,740.0
961,2020-01-09,목,2821,124,241,7.0,밥,육개장,가자미튀김,773.0
962,2020-01-10,금,2821,264,262,3.0,참치회덮밥,미소장국,또띠아피자,573.0
963,2020-01-13,월,2821,141,218,0.0,밥,근대국,훈제오리구이,945.0
964,2020-01-14,화,2821,96,236,0.0,밥,시래기국,함박스테이크*소스,820.0
965,2020-01-15,수,2821,97,235,0.0,단호박영양밥,연두부탕,오징어숙회무침,633.0
966,2020-01-16,목,2821,92,244,0.0,밥,해물된장찌개,묵은지닭찜,761.0
967,2020-01-17,금,2821,242,269,0.0,김치필라프,크림스프,토마토스파게티,696.0
968,2020-01-20,월,2821,132,199,0.0,밥,순두부찌개,닭갈비,1075.0
969,2020-01-21,화,2821,96,237,0.0,밥,어묵국,등갈비김치찜,868.0
970,2020-01-22,수,2821,130,232,0.0,불고기비빔밥,미역장국,허니버터치킨,782.0
971,2020-01-23,목,2821,481,141,0.0,밥,아욱국,돼지갈비찜,685.0
972,2020-01-28,화,2821,284,143,0.0,밥,황태국,오리고추장볶음,1042.0
973,2020-01-29,수,2821,101,214,0.0,콩나물밥*양념장,가쯔오장국,치킨핑거,1197.0
974,2020-01-30,목,2821,76,261,0.0,밥,들깨시래기국,닭오븐구이,736.0
975,2020-01-31,금,2821,183,265,0.0,김치제육덮밥,계란국,오징어튀김,623.0
976,2020-02-03,월,2872,101,208,1.0,밥,미역국,쇠고기낙지볶음,1081.0
977,2020-02-04,화,2872,72,222,0.0,밥,차돌박이찌개,돈육강정,849.0
978,2020-02-05,수,2872,62,215,0.0,단호박영양밥,유부장국,언양식불고기,660.0
979,2020-02-06,목,2872,90,233,0.0,밥,어묵탕,동파삼겹수육,637.0
980,2020-02-07,금,2872,140,247,0.0,밥,두부김치국,굴비구이,539.0
981,2020-02-10,월,2872,65,136,0.0,밥,매운콩나물국,소고기숙주볶음,1233.0
982,2020-02-11,화,2872,52,198,0.0,밥,냉이된장찌개,레몬탕수육,1075.0
983,2020-02-12,수,2872,65,210,0.0,곤드레밥*강된장,팽이장국,닭데리야끼조림,1173.0
984,2020-02-13,목,2872,71,249,0.0,밥,동태찌개,돈육간장볶음,834.0
985,2020-02-14,금,2872,160,273,0.0,김밥볶음밥,미니짬뽕,크림새우,776.0
986,2020-02-17,월,2872,74,196,0.0,밥,쇠고기샤브국,유자청제육볶음,1370.0
987,2020-02-18,화,2872,47,239,0.0,밥,차돌된장찌개,주꾸미볶음,939.0
988,2020-02-19,수,2872,62,224,0.0,나물비빔밥,미소장국,사과고구마그라탕,930.0
989,2020-02-20,목,2872,78,254,0.0,밥,근대국,간장마늘치킨,826.0
990,2020-02-21,금,2872,181,277,0.0,밥,들깨미역국,짬뽕불고기,627.0
991,2020-02-24,월,2872,144,156,0.0,밥,된장찌개,돈육김치볶음,1282.0
992,2020-02-25,화,2872,117,158,0.0,밥,부대찌개,훈제오리구이,1238.0
993,2020-02-26,수,2872,109,190,0.0,낙지비빔밥,팽이장국,치킨텐더*콘소스D,1105.0
994,2020-02-27,목,2872,121,217,5.0,밥,북어국,닭갈비,1000.0
995,2020-02-28,금,2872,210,234,7.0,밥,아욱국,소고기장조림,750.0
996,2020-03-02,월,2950,108,133,14.0,밥,두부김치국,소고기버섯볶음,1362.0
997,2020-03-03,화,2950,76,185,12.0,밥,쇠고기무국,오징어볶음*소면,1074.0
998,2020-03-04,수,2950,74,205,19.0,콩나물밥*달래장,고추장찌개,갈치구이,999.0
999,2020-03-05,목,2950,84,232,15.0,밥,미역국,수원왕갈비통닭,989.0
1000,2020-03-06,금,2950,166,251,12.0,곤드레밥,건새우아욱국,돈육간장볶음,642.0
1001,2020-03-09,월,2950,91,129,16.0,밥,콩나물국,소불고기,1276.0
1002,2020-03-10,화,2950,67,168,20.0,밥,대파육개장*칼국수,가자미엿장조림,1019.0
1003,2020-03-11,수,2950,74,197,23.0,카레라이스,,,967.0
1004,2020-03-12,목,2950,78,243,17.0,밥,순두부찌개,해물돼지갈비찜,804.0
1005,2020-03-13,금,2950,165,259,20.0,밥,설렁탕,동태포전,593.0
1006,2020-03-16,월,2950,69,138,21.0,밥,어묵국,돈육굴소스볶음,1284.0
1007,2020-03-17,화,2950,61,171,20.0,밥,대구탕,차돌박이숙주볶음,914.0
1008,2020-03-18,수,2950,47,210,25.0,마파두부덮밥,조갯살무국,레몬유린기,831.0
1009,2020-03-19,목,2950,70,235,19.0,밥,콩비지찌개,짜장닭볶음,829.0
1010,2020-03-20,금,2950,176,263,135.0,밥,갈비탕,칠리새우,627.0
1011,2020-03-23,월,2950,109,178,285.0,밥,시래기국,오리양념불고기*쌈무,1110.0
1012,2020-03-24,화,2950,131,137,303.0,밥,소고기미역국,해물누룽지탕,1083.0
1013,2020-03-25,수,2950,122,146,303.0,밥,유부주머니국,목살스테이크,1022.0
1014,2020-03-26,목,2950,133,133,288.0,밥,배추된장국,제육볶음,955.0
1015,2020-03-27,금,2950,254,156,260.0,봄나물비빔밥,맑은국,치킨너겟,839.0
1016,2020-03-30,월,2950,230,53,488.0,밥,우렁된장찌개,주꾸미볶음,1000.0
1017,2020-03-31,화,2950,193,43,533.0,밥,고추장찌개,안동찜닭,859.0
1018,2020-04-01,수,2962,228,56,420.0,밥,들깨시래기국,삼겹살수육&풋고추,939.0
1019,2020-04-02,목,2962,236,89,395.0,밥,경상도식소고기국,등갈비김치찜,1009.0
1020,2020-04-03,금,2962,350,149,340.0,밥,순대국밥,고추튀김,802.0
1021,2020-04-06,월,2962,206,152,477.0,밥,미역국,오리불고기,1161.0
1022,2020-04-07,화,2962,164,156,490.0,밥,꽃게된장국,후르츠탕수육,969.0
1023,2020-04-08,수,2962,159,172,479.0,낙지비빔밥,계란국,닭강정,1032.0
1024,2020-04-09,목,2962,154,186,488.0,밥,두부김치국,소고기브로컬리볶음,880.0
1025,2020-04-10,금,2962,316,209,417.0,고기듬뿍카레라이스,미니우동,고구마고로케,780.0
1026,2020-04-13,월,2962,165,146,447.0,밥,아욱국,치즈닭갈비,1145.0
1027,2020-04-14,화,2962,200,176,485.0,밥,홍초콩나물국,LA갈비구이,879.0
1028,2020-04-16,목,2962,265,182,447.0,밥,전복장각삼계탕,육전,947.0
1029,2020-04-17,금,2962,325,221,389.0,밥,소고기당면국,바질페스토스파게티,759.0
1030,2020-04-20,월,2962,145,143,471.0,밥,황태국,우엉불고기,1089.0
1031,2020-04-21,화,2962,126,171,450.0,밥,멸치국수,오향장육,911.0
1032,2020-04-22,수,2962,132,204,443.0,밥,나주곰탕,춘천닭갈비,945.0
1033,2020-04-23,목,2962,107,251,437.0,밥,새우완자탕,고구마치즈돈까스,880.0
1034,2020-04-24,금,2962,232,267,387.0,밥,대구지리탕,카레닭볶음,639.0
1035,2020-04-27,월,2962,125,192,418.0,밥,육개장,수원왕갈비,1223.0
1036,2020-04-28,화,2962,118,223,410.0,건강비빔밥*약고추장,제첩두부국,깻잎전,824.0
1037,2020-04-29,수,2962,221,250,396.0,새우날치알볶음밥,쌀국수,장어구이*소스,680.0
1038,2020-05-04,월,2962,1113,117,189.0,밥,버섯들깨국,삼겹살더덕고추장구이,504.0
1039,2020-05-06,수,2962,104,177,291.0,밥,왕갈비탕,해물전,1254.0
1040,2020-05-07,목,2962,76,236,285.0,밥,냉메밀소바,히레카츠*소스,959.0
1041,2020-05-08,금,2962,153,265,246.0,밥,아욱수제비국,해물섞어찜,620.0
1042,2020-05-11,월,2962,94,195,245.0,밥,돈육김치찌개,냉족발야채무침,1249.0
1043,2020-05-12,화,2962,67,230,250.0,밥,열무물국수,소갈비찜,968.0
1044,2020-05-13,수,2962,68,242,236.0,밥,닭개장,떡갈비,844.0
1045,2020-05-14,목,2962,71,281,212.0,소고기콩나물밥*양념,들깨미역국,바싹불고기*양파초절임,793.0
1046,2020-05-15,금,2962,161,296,201.0,밥,유부주머니된장국,생선까스*타르,614.0
1047,2020-05-18,월,2962,96,223,246.0,밥,연두부탕,제육볶음,1141.0
1048,2020-05-19,화,2962,78,235,237.0,밥,들깨수제비,닭볶음탕,935.0
1049,2020-05-20,수,2962,71,243,258.0,닭살카레라이스,미역미소시루,후르츠탕수육,791.0
1050,2020-05-21,목,2962,63,269,218.0,밥,차돌된장찌개,주꾸미볶음,653.0
1051,2020-05-22,금,2962,226,277,206.0,소불고기덮밥,맑은국,야채비빔만두,512.0
1052,2020-05-25,월,2962,98,206,229.0,밥,매콤콩나물국,짬뽕불고기,1062.0
1053,2020-05-26,화,2962,70,220,200.0,밥,시래기국,고추잡채*꽃빵,781.0
1054,2020-05-27,수,2962,65,234,235.0,곤드레밥*양념장,무채국,꽁치한마리구이,704.0
1055,2020-05-28,목,2962,66,270,212.0,밥,콩비지찌개,오징어볶음,662.0
1056,2020-05-29,금,2962,236,284,202.0,마파두부덮밥,유부장국,레몬유린기,450.0
1057,2020-06-01,월,2956,109,185,215.0,밥,소고기미역국,닭갈비,1114.0
1058,2020-06-02,화,2956,64,231,213.0,밥,된장찌개,돈육고추장볶음,761.0
1059,2020-06-03,수,2956,63,251,191.0,열무보리비빔밥/강된장,가쯔오장국,깐풍육,693.0
1060,2020-06-04,목,2956,71,284,208.0,밥,육개장,소고기장조림,657.0
1061,2020-06-05,금,2956,233,291,176.0,베이컨김치볶음밥,냉모밀국수,해물부추전,505.0
1062,2020-06-08,월,2956,121,236,201.0,밥,대구탕,오삼불고기,1130.0
1063,2020-06-09,화,2956,68,253,177.0,밥,시금치된장국,닭볶음탕,823.0
1064,2020-06-10,수,2956,75,248,201.0,나물비빔밥,오이사과냉국,치킨핑거,719.0
1065,2020-06-11,목,2956,82,280,172.0,밥,매운소고기국,굴비구이,682.0
1066,2020-06-12,금,2956,204,303,175.0,돈육버섯고추장덮밥,팽이무국,양파링카레튀김,516.0
1067,2020-07-01,수,2997,71,252,153.0,밥,냉모밀국수,매운돈갈비찜,866.0
1068,2020-07-02,목,2997,82,268,152.0,밥,대파육개장,홍어미나리초무침,675.0
1069,2020-07-03,금,2997,261,288,157.0,카레라이스,동태알탕,부추고추전*간장,607.0
1070,2020-07-06,월,2997,126,220,172.0,밥,매운소고기무국,춘천닭갈비,1132.0
1071,2020-07-07,화,2997,77,242,152.0,밥,물만두국,오리불고기,917.0
1072,2020-07-08,수,2997,77,251,158.0,밥,한방설렁탕,오징어초무침,847.0
1073,2020-07-09,목,2997,99,290,159.0,밥,시금치된장국,닭볶음탕,717.0
1074,2020-07-10,금,2997,233,290,135.0,밥,맑은콩나물국,돈육고추장볶음,611.0
1075,2020-07-13,월,2997,118,225,148.0,마파두부덮밥,미역미소시루,레몬유린기,1260.0
1076,2020-07-14,화,2997,80,224,143.0,밥,건새우무채국,쭈꾸미삼겹고추장볶음,814.0
1077,2020-07-15,수,2997,80,248,183.0,비빔밥*약고추장,콩가루배춧국,열기어구이,842.0
1078,2020-07-16,목,2997,102,274,166.0,밥,장각삼계탕,해물잡채,971.0
1079,2020-07-17,금,2997,249,291,148.0,밥,김치우동,수제돈가스*소스,656.0
1080,2020-07-20,월,2997,157,220,140.0,밥,호박맑은국,돈육김치볶음,1190.0
1081,2020-07-21,화,2997,138,222,129.0,밥,닭개장,양장피,861.0
1082,2020-07-22,수,2997,165,250,149.0,밥,아욱국,오리불고기,823.0
1083,2020-07-23,목,2997,156,274,134.0,밥,소고기미역국,깻잎통닭*치킨소스,758.0
1084,2020-07-24,금,2997,344,281,115.0,밥,해물수제비국,만가닥버섯불고기,450.0
1085,2020-07-27,월,2997,271,182,120.0,밥,황태미역국,안동찜닭,1118.0
1086,2020-07-28,화,2997,252,213,150.0,밥,호박된장찌개,목살스테이크,873.0
1087,2020-07-29,수,2997,256,233,150.0,밥,우거지국,삼겹살수육,871.0
1088,2020-07-30,목,2997,346,242,130.0,낙지비빔밥*계란후라이,팽이장국,후라이드*강정소스,704.0
1089,2020-07-31,금,2997,496,261,125.0,밥,짜글이돼지찌개,새우까스*소스,477.0
1090,2020-08-03,월,2989,494,155,115.0,밥,김치두부국,오리대패불고기,1033.0
1091,2020-08-04,화,2989,464,172,115.0,밥,냉이된장국,돈갈비찜,776.0
1092,2020-08-05,수,2989,490,182,115.0,밥,맑은콩나물국,장어강정,720.0
1093,2020-08-06,목,2989,482,218,109.0,밥,건새우아욱국,쭈삼불고기,763.0
1094,2020-08-07,금,2989,605,239,142.0,밥,얼갈이된장국,닭다리바베큐오븐구이,476.0
1095,2020-08-10,월,2989,476,191,95.0,밥,뼈없는감자탕,생선까스&소스,1011.0
1096,2020-08-11,화,2989,456,188,102.0,밥,떡국,매운쇠고기버섯볶음,805.0
1097,2020-08-12,수,2989,449,213,111.0,밥,북어채국,오징어볶음&소면사리,701.0
1098,2020-08-13,목,2989,504,245,112.0,밥,유부장국,바베큐폭립,594.0
1099,2020-08-14,금,2989,644,256,116.0,밥,동태탕,살살치킨&칠리소스,477.0
1100,2020-08-18,화,2989,469,195,105.0,밥,부대찌개,치즈닭갈비,971.0
1101,2020-08-19,수,2989,420,227,126.0,밥,맑은버섯육개장,매콤해물볶음,801.0
1102,2020-08-20,목,2989,390,232,125.0,밥,순남시래기국,오리불고기,749.0
1103,2020-08-21,금,2989,497,249,149.0,밥,어묵국,오향장육,514.0
1104,2020-08-24,월,2989,302,185,249.0,밥,바지락미역국,콩나물두루치기,1178.0
1105,2020-08-25,화,2989,219,190,285.0,밥,시금치된장국,카레닭찜,1046.0
1106,2020-08-26,수,2989,215,197,363.0,밥,나주곰탕,적어구이&양념장,897.0
1107,2020-08-27,목,2989,205,211,316.0,밥,다슬기아욱국,돈사태김치찜,963.0
1108,2020-08-28,금,2989,320,230,297.0,밥,순두부찌개,소불고기,784.0
1109,2020-08-31,월,2989,183,163,464.0,밥,황태콩나물해장국,궁보계정,1243.0
1110,2020-09-01,화,3132,73,111,527.0,밥,우거지국,매콤돼지갈비찜,1021.0
1111,2020-09-02,수,3132,78,155,522.0,밥,오리들깨탕,냉족발야채무침,1006.0
1112,2020-09-03,목,3132,119,195,511.0,밥,매운계란파국,마파두부,924.0
1113,2020-09-04,금,3132,208,221,462.0,밥,옹심이만두국,대패삽겹숙주볶음,746.0
1114,2020-09-07,월,3132,122,163,439.0,밥,아욱된장국,생선까스*소스,1186.0
1115,2020-09-08,화,3132,91,173,441.0,계란채소볶음밥,짬뽕국,짜장소스,986.0
1116,2020-09-09,수,3132,102,180,424.0,밥,홍합살미역국,수육*새우젓*쌈장,965.0
1117,2020-09-10,목,3132,106,220,430.0,밥,돈육김치찌개,수완왕갈비맛통닭,881.0
1118,2020-09-11,금,3132,211,259,376.0,밥,잔치국수,수제어묵소세지핫도그,661.0
1119,2020-09-14,월,3132,102,188,368.0,밥,배추국,오리고추장불고기,1191.0
1120,2020-09-15,화,3132,79,209,422.0,밥,순두부찌개,류산슬,855.0
1121,2020-09-16,수,3132,72,229,361.0,밥,유부장국,목살찹스테이크,953.0
1122,2020-09-17,목,3132,84,245,368.0,밥,감자수제비국,쇠고기낙지볶음,797.0
1123,2020-09-18,금,3132,241,281,310.0,밥,버섯국,고추마요치킨,570.0
1124,2020-09-21,월,3132,105,210,354.0,밥,옹심이만둣국,춘천닭갈비,1176.0
1125,2020-09-22,화,3132,99,224,342.0,밥,매운콩나물국,돈갈비찜,908.0
1126,2020-09-23,수,3132,88,234,345.0,밥,갈비탕,오향장육,970.0
1127,2020-09-24,목,3132,102,262,314.0,밥,북엇국,콩나물파채불고기,739.0
1128,2020-09-25,금,3132,237,287,265.0,밥,동태탕,닭다리살스테이크,540.0
1129,2020-09-28,월,3132,985,188,142.0,밥,떡만두국,오리대패불고기,358.0
1130,2020-10-05,월,3008,91,131,292.0,밥,건새우미역국,매운소불고기,1252.0
1131,2020-10-06,화,3008,64,183,279.0,단호박카레라이스,통계란꼬치어묵탕,두부강정,977.0
1132,2020-10-07,수,3008,54,232,292.0,밥,꽃게탕,바베큐장각오븐구이,880.0
1133,2020-10-08,목,3008,88,225,249.0,밥,우거지된장국,하와이언치즈함박스테이크,923.0
1134,2020-10-12,월,3008,105,215,221.0,밥,김칫국,훈제오리볶음,1096.0
1135,2020-10-13,화,3008,72,248,188.0,밥,순남시래기국,장어고추장양념구이,839.0
1136,2020-10-14,수,3008,68,267,171.0,밥,두부된장찌개,해물보쌈&채소숙회,797.0
1137,2020-10-15,목,3008,97,269,175.0,밥,홍합살무국,돈갈비양념구이,793.0
1138,2020-10-16,금,3008,180,270,180.0,밥,매운쇠고기국,갈릭순살치킨,660.0
1139,2020-10-19,월,3008,143,211,135.0,밥,얼갈이된장국,쭈꾸미삼겹살볶음,1035.0
1140,2020-10-20,화,3008,84,241,144.0,밥,유부김칫국,치킨까스&소스,851.0
1141,2020-10-21,수,3008,107,239,160.0,밥,미역미소시루국,연어스테이크,887.0
1142,2020-10-22,목,3008,116,271,162.0,밥,밥,된장찌개,799.0
1143,2020-10-23,금,3008,223,283,135.0,밥,북엇국,춘천닭갈비,648.0
1144,2020-10-26,월,3008,156,228,144.0,밥,맑은콩나물국,묵은지닭볶음탕,1069.0
1145,2020-10-27,화,3008,105,265,136.0,밥,쇠고기미역국,오삼불고기,839.0
1146,2020-10-28,수,3008,105,287,138.0,밥,삼계탕,고기완자전,791.0
1147,2020-10-29,목,3008,131,298,137.0,밥,고구마순등뼈탕,깐풍기,667.0
1148,2020-10-30,금,3008,340,298,107.0,밥,건새우아욱국,쇠고기숙주볶음,398.0
1149,2020-11-02,월,3021,162,213,132.0,밥,돼지김치찌개,짜파치킨,1150.0
1150,2020-11-03,화,3021,100,270,107.0,밥,동태매운탕,대패삼겹살볶음,810.0
1151,2020-11-04,수,3021,112,283,123.0,전주비빔밥,바지락냉이국,찰떡떡갈비조림,789.0
1152,2020-11-05,목,3021,114,306,116.0,밥,홍합국,쇠고기낙지볶음,596.0
1153,2020-11-06,금,3021,266,305,119.0,밥,근대된장국,수제탕수육,459.0
1154,2020-11-09,월,3021,144,241,131.0,밥,아욱된장국,매운족발볶음,1076.0
1155,2020-11-10,화,3021,104,289,124.0,밥,미역국,동파육,784.0
1156,2020-11-11,수,3021,105,303,115.0,밥,한방설렁탕,골뱅이채소무침,747.0
1157,2020-11-12,목,3021,125,308,105.0,밥,북엇국,해물돼지갈비찜,678.0
1158,2020-11-13,금,3021,317,292,116.0,밥,시금치된장국,안동찜닭,529.0
1159,2020-11-16,월,3021,164,217,128.0,밥,호박된장찌개,오리주물럭,1068.0
1160,2020-11-17,화,3021,112,274,119.0,밥,미소장국,알리오올리오파스타,784.0
1161,2020-11-18,수,3021,93,282,123.0,밥,순두부찌개,요거닭,774.0
1162,2020-11-19,목,3021,144,277,110.0,밥,얼갈이된장국,쇠고기당면볶음,653.0
1163,2020-11-20,금,3021,343,292,147.0,밥,황태채국,제육고추장불고기,747.0
1164,2020-11-23,월,3021,198,208,261.0,밥,어묵매운탕,버터치킨카레소스,1292.0
1165,2020-11-24,화,3021,202,181,357.0,밥,불낙찌개,코다리강정,1156.0
1166,2020-11-25,수,3021,206,191,387.0,밥,콩비지김치찌개,해물누룽지탕,1146.0
1167,2020-11-26,목,3021,230,219,391.0,밥,조갯살아욱국,돼지간장불고기,1034.0
1168,2020-11-27,금,3021,406,235,301.0,밥,팽이된장국,오징어볶음,895.0
1169,2020-11-30,월,3021,253,148,345.0,밥,굴미역국,닭간장조림,1273.0
1170,2020-12-01,화,2990,204,161,408.0,밥,김치두부국,LA갈비구이,1324.0
1171,2020-12-02,수,2990,223,157,398.0,바지락비빔밥,팽이장국,메밀전병,1188.0
1172,2020-12-03,목,2990,242,219,361.0,밥,된장찌개,오향장육,1059.0
1173,2020-12-04,금,2990,427,233,292.0,밥,육개장,교촌윙,858.0
1174,2020-12-07,월,2990,211,185,339.0,밥,유부주머니국,삼겹살김치볶음,1317.0
1175,2020-12-08,화,2990,172,182,377.0,밥,우거지국,훈제오리마늘볶음,1138.0
1176,2020-12-09,수,2990,199,191,419.0,밥,호박고추장찌개,만가닥버섯불고기,994.0
1177,2020-12-10,목,2990,212,229,337.0,밥,북엇국,제육고추장불고기,975.0
1178,2020-12-11,금,2990,398,228,292.0,밥,근대국,닭다리살스테이크,742.0
1179,2020-12-14,월,2990,221,142,336.0,밥,누룽지장각백숙,캔꽁치튀김,1329.0
1180,2020-12-15,화,2990,203,179,400.0,밥,굴떡국,콩나물파채불고기,1202.0
1181,2020-12-16,수,2990,195,187,359.0,밥,돈갈비김치찌개,해물완자전,1135.0
1182,2020-12-17,목,2990,226,184,334.0,밥,인도커리&난,탄두리치킨,1096.0
1183,2020-12-18,금,2990,403,196,307.0,밥,동태알탕,수제돈까스&소스,917.0
1184,2020-12-21,월,2990,248,153,339.0,밥,바지락살무국,오삼불고기,1256.0
1185,2020-12-22,화,2990,270,171,330.0,밥,매운쇠고기샤브샤브,하와이언함박스테이크,984.0
1186,2020-12-23,수,2990,402,193,324.0,밥,건새우아욱국,국물쪼리닭,768.0
1187,2020-12-24,목,2990,777,160,273.0,뿌리채소영양밥&달래양념장,호박된장국,오리대패불고기,591.0
1188,2021-01-04,월,2983,92,91,340.0,밥,소고기떡국,봉추찜닭,1405.0
1189,2021-01-05,화,2983,99,156,390.0,밥,유부된장국,돈육도라지고추장볶음,1128.0
1190,2021-01-06,수,2983,85,156,433.0,밥,오리들깨탕,꽁치한마리레몬구이,1014.0
1191,2021-01-07,목,2983,98,182,421.0,밥,아욱된장국,목살스테이크,1040.0
1192,2021-01-08,금,2983,255,218,373.0,밥,콩나물맑은국,매운소고기낙지볶음,726.0
1193,2021-01-11,월,2983,105,158,369.0,밥,미역국,오리대패불고기,1257.0
1194,2021-01-12,화,2983,83,168,404.0,밥,된장찌개,허니순살치킨,963.0
1195,2021-01-13,수,2983,80,175,393.0,밥,시금치된장국,돈육두루치기,913.0
1196,2021-01-14,목,2983,90,205,370.0,밥,콩나물김칫국,소갈비찜,1038.0
1197,2021-01-15,금,2983,229,222,339.0,밥,뼈없는감자탕,고등어구이*와사비장,702.0
1198,2021-01-18,월,2983,67,163,357.0,밥,어묵국,춘천닭갈비,1277.0
1199,2021-01-19,화,2983,62,176,372.0,밥,맑은콩나물국,삼겹살김치찜,1038.0
1200,2021-01-20,수,2983,75,198,391.0,밥,아욱국,수제함박스테이크,1093.0
1201,2021-01-21,목,2983,92,231,351.0,밥,냉이된장국,동파육,832.0
1202,2021-01-22,금,2983,255,248,303.0,전주비빔밥*약고추장,계란파국,요거닭,579.0
1203,2021-01-25,월,2983,107,153,327.0,밥,전주식콩나물해장국,돈육간장불고기,1145.0
1204,2021-01-26,화,2983,69,183,362.0,밥,들깨미역국,교촌간장치킨,1015.0
