,일자,요일,본사정원수,본사휴가자수,본사출장자수,본사시간외근무명령서승인건수,현본사소속재택근무자수,밥,국,메인,중식계,석식계
0,2016-02-01,월,2601,50,150,238,0.0,밥,육개장,자반고등어구이,1039.0,331.0
1,2016-02-02,화,2601,50,173,319,0.0,콩나물밥*양념장,어묵국,유산슬,867.0,560.0
2,2016-02-03,수,2601,56,180,111,0.0,밥,청국장찌개,황태양념구이,1017.0,573.0
3,2016-02-04,목,2601,104,220,355,0.0,미니김밥*겨자장,우동,멕시칸샐러드,978.0,525.0
4,2016-02-05,금,2601,278,181,34,0.0,밥,차돌박이찌개,닭갈비,925.0,330.0
5,2016-02-11,목,2601,383,143,417,0.0,참치회덮밥,맑은국,군만두,1045.0,550.0
6,2016-02-12,금,2601,389,156,93,0.0,밥,김치콩나물국,미니함박,909.0,598.0
7,2016-02-15,월,2601,87,204,482,0.0,밥,홍합미역국,등갈비김치찜,1268.0,672.0
8,2016-02-16,화,2601,72,236,526,0.0,밥,된장찌개,쇠불고기,1014.0,523.0
9,2016-02-17,수,2601,78,250,23,0.0,볶음밥*자장소스,맑은국,새우또띠아,916.0,588.0
10,2016-02-18,목,2601,77,254,367,0.0,밥,순두부찌개,명태조림,910.0,489.0
11,2016-02-19,금,2601,145,252,69,0.0,밥,설렁탕,김치전,763.0,597.0
12,2016-02-22,월,2601,90,207,434,0.0,밥,옹심이만두국,떡갈비조림,1298.0,645.0
13,2016-02-23,화,2601,57,237,488,0.0,밥,콩비지찌개,해물까스&타르타르소스,899.0,610.0
14,2016-02-24,수,2601,54,232,14,0.0,밥,열무된장국,매운돼지갈비찜,1022.0,514.0
15,2016-02-25,목,2601,56,261,335,0.0,김밥,잔치국수,교자만두,917.0,531.0
16,2016-02-26,금,2601,144,278,42,0.0,밥,닭개장,삼치구이,766.0,585.0
17,2016-02-29,월,2601,595,168,110,0.0,밥,버섯들깨탕,꽁치한마리구이,869.0,344.0
18,2016-03-02,수,2624,127,182,261,0.0,밥,된장찌개,버섯불고기,1127.0,631.0
19,2016-03-03,목,2624,61,224,351,0.0,멸치주먹밥,우동,떡볶이,1000.0,473.0
20,2016-03-04,금,2624,83,247,79,0.0,밥,오징어국,미트볼조림,837.0,673.0
21,2016-03-07,월,2624,50,195,456,0.0,밥,대구찌개,돈육굴소스볶음,1326.0,625.0
22,2016-03-08,화,2624,47,212,426,0.0,카레덮밥,가쯔오장국,수제고로케*케찹,1026.0,609.0
23,2016-03-09,수,2624,43,225,0,0.0,밥,육개장,생선까스*탈탈소스,901.0,523.0
24,2016-03-10,목,2624,55,245,290,0.0,볶음밥,짬뽕,개성감자만두,847.0,525.0
25,2016-03-11,금,2624,108,275,76,0.0,밥,연두부탕,코다리무조림,728.0,591.0
26,2016-03-14,월,2624,61,183,376,0.0,밥,달래된장찌개,간장찜닭,1286.0,586.0
27,2016-03-15,화,2624,38,231,399,0.0,짜장잡채덮밥,계란파국,참치야채전,958.0,545.0
28,2016-03-16,수,2624,50,213,0,0.0,밥,뼈해장국,해물청경채볶음,998.0,531.0
29,2016-03-17,목,2624,52,242,327,0.0,토마토스파게티,양송이스프,미니햄버거,832.0,548.0
30,2016-03-18,금,2624,118,277,57,0.0,밥,닭곰탕,임연수찜,757.0,521.0
31,2016-03-21,월,2624,65,205,329,0.0,밥,수제비국,아귀콩나물찜,1030.0,605.0
32,2016-03-22,화,2624,41,208,378,0.0,굴소스파인볶음밥,가쯔오장국,찹쌀순대볶음,917.0,585.0
33,2016-03-23,수,2624,42,236,0,0.0,밥,알탕,동그랑땡전,963.0,544.0
34,2016-03-24,목,2624,53,251,293,0.0,참치회덮밥,미소장국,군만두,876.0,507.0
35,2016-03-25,금,2624,98,275,59,0.0,밥,냉이된장찌개,누룽지탕수육,861.0,523.0
36,2016-03-28,월,2624,77,197,299,0.0,밥,콩비지찌개,유산슬,1193.0,637.0
37,2016-03-29,화,2624,52,245,259,0.0,햄볶음밥,유부장국,돈육씨앗강정,892.0,465.0
38,2016-03-30,수,2624,48,230,0,0.0,밥,어묵국,등갈비김치찜,1033.0,463.0
39,2016-03-31,목,2624,36,248,158,0.0,주먹밥,잔치국수,또띠아피자,781.0,526.0
40,2016-04-01,금,2643,103,254,47,0.0,밥,쇠고기미역국,순살깐풍기,661.0,591.0
41,2016-04-04,월,2643,62,221,367,0.0,밥,된장찌개,고등어조림,1237.0,614.0
42,2016-04-05,화,2643,31,242,370,0.0,김치볶음밥,가쯔오장국,감자치즈구이,840.0,555.0
43,2016-04-06,수,2643,37,249,0,0.0,밥,매운버섯국,찜닭,876.0,492.0
44,2016-04-07,목,2643,47,258,339,0.0,김밥,우동,야채튀김,853.0,524.0
45,2016-04-08,금,2643,87,283,64,0.0,밥,오징어국,미니함박,764.0,542.0
46,2016-04-11,월,2643,82,203,392,0.0,밥,쇠고기무국,가자미찜,1225.0,536.0
47,2016-04-12,화,2643,76,225,239,0.0,치킨마요덮밥,유부주머니국,떡볶이,771.0,500.0
48,2016-04-14,목,2643,106,252,326,0.0,비빔밥,팽이버섯장국,새우또띠아,969.0,562.0
49,2016-04-15,금,2643,131,281,82,0.0,밥,들깨미역국,수제돈가스,579.0,582.0
50,2016-04-18,월,2643,81,225,330,0.0,밥,꽃게탕,유산슬,1120.0,525.0
51,2016-04-19,화,2643,44,239,387,0.0,낙지비빔밥,유부장국,새싹피자,980.0,449.0
52,2016-04-20,수,2643,47,262,0,0.0,밥,어묵국,닭볶음탕,849.0,504.0
53,2016-04-21,목,2643,66,264,312,0.0,오므라이스,팽이버섯국,해물까스*탈탈소스,940.0,531.0
54,2016-04-22,금,2643,150,275,86,0.0,밥,순두부찌개,탕수어,698.0,557.0
55,2016-04-25,월,2643,96,201,281,0.0,밥,알탕,순살깐풍기,1227.0,528.0
56,2016-04-26,화,2643,51,227,304,0.0,짜장덮밥,맑은국,쇠고기퀘사디아,795.0,568.0
57,2016-04-27,수,2643,71,234,0,0.0,밥,청국장찌개,코다리무조림,1028.0,490.0
58,2016-04-28,목,2643,56,269,196,0.0,참치주먹밥,비빔메밀국수,가쯔오장국,811.0,508.0
59,2016-04-29,금,2643,139,282,28,0.0,밥,들깨버섯탕,고추잡채*꽃빵,652.0,507.0
60,2016-05-02,월,2635,80,214,302,0.0,밥,북어국,고추장불고기,1242.0,551.0
61,2016-05-03,화,2635,65,251,292,0.0,밥,부대찌개*라면사리,탕수육,964.0,515.0
62,2016-05-04,수,2635,150,244,0,0.0,카레덮밥,미소장국,수제미니햄버거,723.0,636.0
63,2016-05-09,월,2635,101,233,344,0.0,밥,닭개장,가자미튀김,1216.0,591.0
64,2016-05-10,화,2635,53,252,350,0.0,김치볶음밥/계란,가쯔오국,찹쌀순대볶음,1008.0,519.0
65,2016-05-11,수,2635,60,266,0,0.0,밥,콩비지찌개,해물누룽지탕,915.0,423.0
66,2016-05-12,목,2635,71,274,315,0.0,돈까스김밥,잔치국수,멕시칸샐러드,753.0,532.0
67,2016-05-13,금,2635,185,268,80,0.0,밥,쇠고기무국,코다리강정,761.0,517.0
68,2016-05-16,월,2635,99,216,368,0.0,밥,닭곰탕,주꾸미볶음,1180.0,594.0
69,2016-05-17,화,2635,41,254,377,0.0,유부초밥,우동,떡볶이,899.0,633.0
70,2016-05-18,수,2635,71,257,0,0.0,밥,뼈해장국,황태양념구이,856.0,456.0
71,2016-05-19,목,2635,65,266,264,0.0,새우살볶음밥,팽이장국,사천식탕수육,898.0,529.0
72,2016-05-20,금,2635,169,287,56,0.0,밥,육개장,꽁치허브구이,653.0,487.0
73,2016-05-23,월,2635,88,203,362,0.0,밥,수제비국,데리야끼파닭,1160.0,613.0
74,2016-05-24,화,2635,74,234,310,0.0,참치회덮밥,맑은국,고구마치즈구이,1107.0,465.0
75,2016-05-25,수,2635,72,258,0,0.0,밥,된장찌개,등갈비김치찜,938.0,454.0
76,2016-05-26,목,2635,64,285,227,0.0,짜장잡채밥,계란파국,춘권*칠리소스,783.0,520.0
77,2016-05-27,금,2635,163,291,61,0.0,밥,꽃게탕,돈육청경채볶음,660.0,493.0
78,2016-05-30,월,2635,73,215,291,0.0,밥,해물순두부찌개,미니함박조림,1231.0,631.0
79,2016-05-31,화,2635,50,250,185,0.0,참치주먹밥,쌀국수,수제고로케*케찹,921.0,535.0
80,2016-06-01,수,2637,75,245,0,0.0,밥,어묵국,고추장불고기,916.0,490.0
81,2016-06-02,목,2637,81,258,301,0.0,날치알볶음밥,유부장국,고추잡채*꽃빵,850.0,483.0
82,2016-06-03,금,2637,191,268,64,0.0,밥,시래기국,수제돈까스,721.0,548.0
83,2016-06-07,화,2637,115,192,389,0.0,콩나물밥*양념장,가쯔오장국,미트볼케찹조림,1244.0,629.0
84,2016-06-08,수,2637,58,240,0,0.0,밥,육개장,자반고등어구이,931.0,500.0
85,2016-06-09,목,2637,69,252,359,0.0,충무김밥,열무물국수,오징어무침,829.0,506.0
86,2016-06-10,금,2637,151,270,61,0.0,밥,어묵국,버섯불고기,697.0,509.0
87,2016-06-13,월,2637,98,209,415,0.0,밥,들깨버섯탕,삼치데리야끼구이,1243.0,590.0
88,2016-06-14,화,2637,56,241,432,0.0,오므라이스,미소장국,훈제오리냉채,973.0,593.0
89,2016-06-15,수,2637,60,260,0,0.0,밥,닭개장,해물청경채볶음,984.0,535.0
90,2016-06-16,목,2637,73,263,336,0.0,유부초밥,냉모밀국수,치킨핑거*요거트D,800.0,524.0
91,2016-06-17,금,2637,165,291,60,0.0,밥,소고기미역국,유산슬,694.0,484.0
92,2016-06-20,월,2637,101,257,344,0.0,밥,호박잎찌개,쇠불고기,1146.0,585.0
93,2016-06-21,화,2637,49,248,349,0.0,김밥/맑은국,비빔국수,콘샐러드,1091.0,645.0
94,2016-06-22,수,2637,47,258,0,0.0,밥,닭곰탕,찹쌀순대볶음,1022.0,467.0
95,2016-06-23,목,2637,53,271,346,0.0,작은밥/맑은국,토마토스파게티,양송이스프,877.0,588.0
96,2016-06-24,금,2637,169,284,52,0.0,밥,순두부찌개,해물누룽지탕,805.0,475.0
97,2016-06-27,월,2637,96,227,300,0.0,밥,김치찌개,모둠장조림,1142.0,609.0
98,2016-06-28,화,2637,63,253,226,0.0,볶음밥/짜장소스,계란국,탕수만두,917.0,535.0
99,2016-06-29,수,2637,67,248,0,0.0,밥,청국장찌개,아귀콩나물찜,820.0,487.0
100,2016-06-30,목,2637,76,247,151,0.0,주먹밥,김치말이국수,감자버터구이,886.0,446.0
101,2016-07-01,금,2643,145,215,41,0.0,밥,차돌박이된장찌개,깐풍기,879.0,513.0
102,2016-07-04,월,2643,88,190,385,0.0,밥,열무된장국,닭볶음탕,1292.0,582.0
103,2016-07-05,화,2643,55,226,376,0.0,굴소스파인볶음밥,맑은국,탕수어,952.0,551.0
104,2016-07-06,수,2643,56,224,0,0.0,밥,시금치국,오징어볶음,939.0,484.0
105,2016-07-07,목,2643,64,238,340,0.0,밥,함박스테이크,단호박스프,857.0,494.0
106,2016-07-08,금,2643,155,260,60,0.0,밥,알탕,고추잡채*꽃빵,863.0,534.0
107,2016-07-11,월,2643,121,210,366,0.0,밥,부대찌개,가자미튀김,1115.0,630.0
108,2016-07-12,화,2643,72,223,382,0.0,볶음밥,쌀국수,수제핫도그,919.0,519.0
109,2016-07-13,수,2643,79,241,0,0.0,밥,쇠고기샤브국,황태양념구이,866.0,483.0
110,2016-07-14,목,2643,84,252,308,0.0,멸치주먹밥,물냉면,과일샐러드,781.0,550.0
111,2016-07-15,금,2643,189,261,55,0.0,밥,오징어국,쇠고기장조림,867.0,503.0
112,2016-07-18,월,2643,126,208,343,0.0,밥,느타리버섯국,고등어카레구이,1158.0,596.0
113,2016-07-19,화,2643,111,233,263,0.0,콩나물밥,맑은국,너비아니*부추생채,888.0,424.0
114,2016-07-20,수,2643,124,238,0,0.0,밥,동태찌개,치킨핑거,844.0,443.0
115,2016-07-21,목,2643,115,255,263,0.0,볶음밥*자장소스,계란파국,유산슬,733.0,446.0
116,2016-07-22,금,2643,251,272,47,0.0,밥,돈육김치찌개,깐풍기,661.0,501.0
117,2016-07-25,월,2643,277,180,247,0.0,밥,콩가루배추국,돈까스,1086.0,584.0
118,2016-07-26,화,2643,260,185,269,0.0,충무김밥,잔치국수,오징어무침,927.0,582.0
119,2016-07-27,수,2643,299,192,0,0.0,밥,어묵국,닭볶음탕,872.0,423.0
120,2016-07-28,목,2643,340,204,197,0.0,카레라이스,맑은국,순대야채볶음,816.0,434.0
121,2016-07-29,금,2643,486,207,36,0.0,밥,아욱국,등뼈묵은지찜,671.0,472.0
122,2016-08-01,월,2644,512,109,238,0.0,밥,콩나물국,소불고기,1055.0,510.0
123,2016-08-02,화,2644,460,167,268,0.0,밥,짬뽕수제비국,모둠장조림,829.0,515.0
124,2016-08-03,수,2644,485,183,0,0.0,주먹밥,냉모밀국수,소고기퀘사디아,802.0,363.0
125,2016-08-04,목,2644,467,200,262,0.0,오므라이스,가쯔오장국,떡볶이,671.0,456.0
126,2016-08-05,금,2644,538,212,46,0.0,밥,쇠고기무국,쭈꾸미볶음,641.0,448.0
127,2016-08-08,월,2644,421,180,255,0.0,밥,북어국,찜닭,1038.0,480.0
128,2016-08-09,화,2644,392,182,286,0.0,작은밥,콩국수,멕시칸샐러드,874.0,470.0
129,2016-08-10,수,2644,411,188,0,0.0,밥,닭개장,해물청경채볶음,842.0,451.0
130,2016-08-11,목,2644,413,202,295,0.0,볶음밥,스파게티/크림스프,치킨텐더,845.0,530.0
131,2016-08-12,금,2644,587,215,60,0.0,밥,김치찌개,삼치된장구이,708.0,410.0
132,2016-08-16,화,2644,352,177,351,0.0,김밥볶음밥,미소장국,과일샐러드,1023.0,561.0
133,2016-08-17,수,2644,311,191,0,0.0,밥,콩비지찌개,돈육굴소스볶음,924.0,465.0
134,2016-08-18,목,2644,274,215,364,0.0,유부초밥,김치우동,왕새우튀김,943.0,574.0
135,2016-08-19,금,2644,345,237,59,0.0,밥,된장찌개,훈제오리/무쌈/양파절임,754.0,532.0
136,2016-08-22,월,2644,115,159,458,0.0,밥,무채국,돈육볶음,1266.0,729.0
137,2016-08-23,화,2644,86,211,386,0.0,김치볶음밥,유부장국,허니버터옥수수,1145.0,563.0
138,2016-08-24,수,2644,113,209,0,0.0,밥,감자국,등갈비김치찜,941.0,588.0
139,2016-08-25,목,2644,123,241,308,0.0,콩국수,작은밥,춘권,885.0,508.0
140,2016-08-26,금,2644,194,269,70,0.0,밥,콩나물냉국,주꾸미볶음,813.0,489.0
141,2016-08-29,월,2644,132,202,352,0.0,밥,차돌박이찌개,닭갈비,1258.0,568.0
142,2016-08-30,화,2644,96,242,268,0.0,굴소스해물볶음밥,맑은국,수제고로케*케찹,901.0,514.0
143,2016-08-31,수,2644,98,236,0,0.0,밥,청국장찌개,깐풍육,915.0,498.0
144,2016-09-01,목,2769,99,250,336,0.0,참치주먹밥,로제파스타/스프,고구마치즈구이,953.0,468.0
145,2016-09-02,금,2769,177,279,76,0.0,밥,알탕,돈육장조림,832.0,460.0
146,2016-09-05,월,2769,100,225,447,0.0,밥,어묵국,제육볶음,1164.0,554.0
147,2016-09-06,화,2769,59,253,477,0.0,볶음밥/짜장소스,유부장국,멕시칸샐러드,784.0,560.0
148,2016-09-07,수,2769,65,241,0,0.0,밥,얼갈이된장국,닭오븐구이,926.0,504.0
149,2016-09-08,목,2769,69,255,438,0.0,김밥,잔치국수,새우까스*타르타르,758.0,548.0
150,2016-09-09,금,2769,137,288,86,0.0,밥,쇠고기미역국,자반고등어구이,682.0,485.0
151,2016-09-12,월,2769,328,176,306,0.0,볶음밥,쌀국수,미니햄버거,924.0,504.0
152,2016-09-13,화,2769,511,108,52,0.0,밥,참치김치찌개,주꾸미볶음,820.0,238.0
153,2016-09-19,월,2769,167,180,550,0.0,밥,수제비국,탕평채,1271.0,662.0
154,2016-09-20,화,2769,69,227,588,0.0,콩나물밥,맑은국,장어강정,1039.0,627.0
155,2016-09-21,수,2769,58,246,0,0.0,밥,고추장찌개,쇠고기모둠장조림,1068.0,603.0
156,2016-09-22,목,2769,137,253,403,0.0,유부초밥,꼬지어묵우동,모듬떡볶이,891.0,533.0
157,2016-09-23,금,2769,165,278,99,0.0,밥,콩나물국,수제돈까스,716.0,562.0
158,2016-09-26,월,2769,70,224,494,0.0,밥,무채맑은국,갈치조림,1185.0,710.0
159,2016-09-27,화,2769,56,233,380,0.0,쇠고기숙주규동덮밥,미소장국,탕수어,1033.0,550.0
160,2016-09-28,수,2769,50,225,0,0.0,밥,조갯살미역국,미니채소떡갈비,1128.0,591.0
161,2016-09-29,목,2769,153,227,331,0.0,충무김밥,잔치국수,오징어무침,1044.0,622.0
162,2016-09-30,금,2769,158,256,59,0.0,밥,근대된장국,돈육강정,843.0,539.0
163,2016-10-04,화,2670,59,239,1035,0.0,밥,콩비지찌개,닭볶음,1262.0,902.0
164,2016-10-05,수,2670,41,228,0,0.0,밥,순두부찌개,미니함박조림,1336.0,905.0
165,2016-10-06,목,2670,56,245,378,0.0,작은밥,짬뽕,군만두,1196.0,352.0
166,2016-10-07,금,2670,144,252,80,0.0,밥,육개장,코다리엿장조림,843.0,554.0
167,2016-10-10,월,2670,104,216,443,0.0,밥,콩나물국,돈육굴소스볶음,1180.0,546.0
168,2016-10-11,화,2670,69,256,386,0.0,김치볶음밥,미소장국,궁중떡볶음,1014.0,522.0
169,2016-10-12,수,2670,64,251,0,0.0,밥,황태국,닭오븐구이,951.0,527.0
170,2016-10-13,목,2670,66,262,612,0.0,통새우김밥,어묵우동,찹쌀순대볶음,1051.0,667.0
171,2016-10-14,금,2670,144,265,172,0.0,밥,부대찌개,탕수어,898.0,544.0
172,2016-10-17,월,2670,107,241,425,0.0,밥,해물된장찌개,닭매운찜,1196.0,527.0
173,2016-10-18,화,2670,53,262,394,0.0,나가사키면&김,참치주먹밥,개성감자만두,994.0,544.0
174,2016-10-19,수,2670,72,267,0,0.0,밥,어묵국,돼지갈비찜,933.0,475.0
175,2016-10-20,목,2670,105,269,281,0.0,옛날왕돈까스,옥수수스프,샐러드파스타,787.0,564.0
176,2016-10-21,금,2670,228,280,62,0.0,밥,닭개장,해물청경채볶음,760.0,442.0
177,2016-10-24,월,2670,120,223,367,0.0,밥,북어계란국,닭강정,1171.0,600.0
178,2016-10-25,화,2670,73,259,345,0.0,오므라이스,가쯔오장국,훈제오리냉채,1028.0,559.0
179,2016-10-26,수,2670,89,258,0,0.0,밥,쇠고기샤브국,가자미찜,854.0,410.0
180,2016-10-27,목,2670,94,272,240,0.0,밥,바지락수제비,유산슬,807.0,454.0
181,2016-10-28,금,2670,192,277,63,0.0,밥,오징어국,떡갈비조림,731.0,475.0
182,2016-10-31,월,2670,134,223,255,0.0,밥,부대찌개,삼치구이,1224.0,540.0
183,2016-11-01,화,2689,70,212,515,0.0,짜장덮밥,해물짬뽕,군만두,1087.0,578.0
184,2016-11-02,수,2689,73,231,0,0.0,밥,청국장찌개,동파삼겹수육,1006.0,540.0
185,2016-11-03,목,2689,72,283,408,0.0,참치회덮밥,미소장국,새우또띠아/음료,864.0,553.0
186,2016-11-04,금,2689,168,276,81,0.0,밥,순두부찌개,돈육굴소스볶음,803.0,497.0
187,2016-11-07,월,2689,133,222,539,0.0,밥,목살김치찌개,가자미튀김,1156.0,506.0
188,2016-11-08,화,2689,60,250,503,0.0,낙지볶음덮밥,맑은국,언양식불고기,986.0,512.0
189,2016-11-09,수,2689,58,267,0,0.0,밥,뼈해장국,고등어양념구이,920.0,499.0
190,2016-11-10,목,2689,73,267,385,0.0,김밥,계란국,해물볶음우동,795.0,513.0
191,2016-11-11,금,2689,173,286,69,0.0,밥,닭곰탕,미트볼떡조림,652.0,426.0
192,2016-11-14,월,2689,92,227,461,0.0,밥,콩나물국,매운돼지갈비찜,1260.0,539.0
193,2016-11-15,화,2689,66,273,418,0.0,굴소스해물볶음밥,미소장국,미니햄버거,914.0,418.0
194,2016-11-16,수,2689,60,250,0,0.0,밥,동태찌개,수제돈까스,888.0,463.0
195,2016-11-17,목,2689,134,263,411,0.0,생선초밥,우동,떡볶이,882.0,551.0
196,2016-11-18,금,2689,219,287,57,0.0,밥,육개장,탕수어,730.0,388.0
197,2016-11-21,월,2689,94,202,522,0.0,밥,황태국,등갈비김치찜,1235.0,616.0
198,2016-11-22,화,2689,45,238,452,0.0,후난식볶음밥,팽이장국,새우까스*탈탈소스,1046.0,580.0
199,2016-11-23,수,2689,52,251,0,0.0,밥,소고기미역국,쭈꾸미볶음,891.0,482.0
200,2016-11-24,목,2689,61,262,351,0.0,멸치주먹밥,잔치국수,또띠아피자,870.0,498.0
201,2016-11-25,금,2689,200,279,68,0.0,밥,된장찌개,장어강정,720.0,392.0
202,2016-11-28,월,2689,114,219,397,0.0,밥,시금치된장국,닭강정,1246.0,623.0
203,2016-11-29,화,2689,84,218,388,0.0,참치주먹밥,짬뽕,야채튀김,900.0,587.0
204,2016-11-30,수,2689,68,207,0,0.0,*,,,1109.0,0.0
205,2016-12-01,목,2705,84,243,688,0.0,김치볶음밥,미소장국,수제고로케*케찹,956.0,571.0
206,2016-12-02,금,2705,183,272,152,0.0,밥,오징어국,미니함박조림,766.0,448.0
207,2016-12-05,월,2705,101,207,839,0.0,밥,매운감자국,소고기숙주볶음,1110.0,560.0
208,2016-12-06,화,2705,69,222,799,0.0,유부초밥,쌀국수,단호박조림,930.0,593.0
209,2016-12-07,수,2705,69,232,0,0.0,밥,부대찌개,유린기,895.0,468.0
210,2016-12-08,목,2705,76,262,587,0.0,김밥,계란국,해물볶음우동,787.0,512.0
211,2016-12-09,금,2705,196,284,152,0.0,밥,쇠고기무국,주꾸미볶음,621.0,416.0
212,2016-12-12,월,2705,102,193,633,0.0,밥,대구지리,유산슬,1069.0,544.0
213,2016-12-13,화,2705,65,226,511,0.0,주먹밥,양송이스프,토마토스파게티,770.0,482.0
214,2016-12-14,수,2705,82,247,0,0.0,밥,매생이굴국,간장찜닭,904.0,441.0
215,2016-12-15,목,2705,98,234,229,0.0,오므라이스,팽이장국,해물떡볶이,850.0,499.0
216,2016-12-16,금,2705,167,262,37,0.0,밥,미역국,등갈비김치찜,699.0,518.0
217,2016-12-19,월,2705,104,217,197,0.0,밥,육개장,탕수어,1215.0,482.0
218,2016-12-20,화,2705,89,238,126,0.0,충무김밥,잔치국수,오징어무침,790.0,461.0
219,2016-12-21,수,2705,72,230,0,0.0,밥,알탕,돈육장조림,929.0,494.0
220,2016-12-22,목,2705,118,242,32,0.0,작은밥,바지락수제비,사천식탕수육,524.0,213.0
221,2016-12-23,금,2705,343,243,7,0.0,밥,돈육김치찌개,궁중떡볶음,560.0,398.0
222,2016-12-26,월,2705,206,194,63,0.0,밥,청국장찌개,가자미양념찜,1192.0,328.0
223,2016-12-27,화,2705,127,236,51,0.0,해물굴소스볶음밥,맑은국,돈육강정,823.0,314.0
224,2016-12-28,수,2705,166,225,0,0.0,*,,,767.0,0.0
225,2016-12-29,목,2705,242,201,42,0.0,참치주먹밥,김치우동,쇠고기퀘사디아,711.0,343.0
226,2016-12-30,금,2705,529,127,3,0.0,밥,봄동된장국,닭볶음탕,658.0,275.0
227,2017-01-02,월,2697,96,102,272,0.0,밥,매운오징어국,목살간장조림,1273.0,559.0
228,2017-01-03,화,2697,61,158,259,0.0,참치회덮밥,유부주머니국,수제고로케,1041.0,364.0
229,2017-01-04,수,2697,67,170,0,0.0,밥,감자찌개,닭데리야끼구이,949.0,427.0
230,2017-01-05,목,2697,79,207,316,0.0,마파두부덮밥,팽이장국,류산슬,1000.0,531.0
231,2017-01-06,금,2697,189,224,74,0.0,밥,들깨무채국,등갈비묵은지찜,830.0,523.0
232,2017-01-09,월,2697,121,166,445,0.0,밥,콩비지찌개,양파치킨,1322.0,620.0
233,2017-01-10,화,2697,70,199,412,0.0,김치참치주먹밥,가쯔오국,로제스파게티,1186.0,533.0
234,2017-01-11,수,2697,57,223,0,0.0,밥,해물된장찌개,제육볶음,1039.0,514.0
235,2017-01-12,목,2697,85,238,305,0.0,밥,뼈감자탕,삼치된장구이,976.0,416.0
236,2017-01-13,금,2697,191,247,62,0.0,밥,시래기국,소고기장조림,791.0,533.0
237,2017-01-16,월,2697,123,196,432,0.0,밥,감자국,매운돼지갈비찜,1273.0,571.0
238,2017-01-17,화,2697,75,215,380,0.0,후난식볶음밥,맑은국,닭강정,1035.0,469.0
239,2017-01-18,수,2697,59,240,0,0.0,밥,쇠고기샤브국,갈치양념조림,863.0,394.0
240,2017-01-19,목,2697,93,236,334,0.0,김밥,새우튀김우동,펜네베이컨샐러드,866.0,499.0
241,2017-01-20,금,2697,207,267,61,0.0,밥,부대찌개,해물청경채볶음,709.0,446.0
242,2017-01-23,월,2697,108,202,396,0.0,밥,쇠고기매운국,버섯탕수,1152.0,509.0
243,2017-01-24,화,2697,63,218,273,0.0,멸치주먹밥,잔치국수,쇠고기퀘사디아,974.0,396.0
244,2017-01-25,수,2697,79,203,0,0.0,*,,,720.0,0.0
245,2017-01-26,목,2697,369,117,28,0.0,밥,시래기들깨탕,돈육강정,844.0,147.0
246,2017-01-31,화,2697,177,58,278,0.0,김치볶음밥,꼬지어묵우동,해물까스*탈탈소스,1240.0,680.0
247,2017-02-01,수,2632,61,179,0,0.0,밥,차돌박이찌개,장어강정,1260.0,566.0
248,2017-02-02,목,2632,45,217,427,0.0,쇠고기덮밥,장국,야채튀김,1005.0,549.0
249,2017-02-03,금,2632,104,253,92,0.0,밥,소고기무국,고등어김치말이,854.0,582.0
250,2017-02-06,월,2632,49,202,610,0.0,밥,사골우거지국,탕수어,1319.0,768.0
251,2017-02-07,화,2632,40,207,565,0.0,밥,순두부찌개,돈육굴소스볶음,1114.0,554.0
252,2017-02-08,수,2632,52,206,0,0.0,밥,열무된장국,삼겹살구이,1068.0,548.0
253,2017-02-09,목,2632,65,227,377,0.0,유부초밥,쌀국수,순대오징어볶음,953.0,583.0
254,2017-02-10,금,2632,149,284,59,0.0,밥,청국장찌개,미니함박조림,797.0,505.0
255,2017-02-13,월,2632,61,196,505,0.0,밥,부대찌개,고등어구이,1364.0,689.0
256,2017-02-14,화,2632,53,223,444,0.0,짜장덮밥,맑은국,사천식탕수육,997.0,566.0
257,2017-02-15,수,2632,51,233,0,0.0,밥,오징어국,돈육장조림,1045.0,505.0
258,2017-02-16,목,2632,56,240,419,0.0,오므라이스,가쯔오장국,치킨텐더,968.0,567.0
259,2017-02-17,금,2632,144,269,73,0.0,밥,콩비지찌개,고추잡채*꽃빵,753.0,494.0
260,2017-02-20,월,2632,104,199,494,0.0,밥,얼갈이된장국,간장찜닭,1216.0,648.0
261,2017-02-21,화,2632,63,226,445,0.0,날치알김치볶음밥,미역장국,쇠고기퀘사디아,1004.0,559.0
262,2017-02-22,수,2632,75,252,0,0.0,*,,,1065.0,0.0
263,2017-02-23,목,2632,75,272,307,0.0,참치주먹밥,김치우동,케이준샐러드,917.0,534.0
264,2017-02-24,금,2632,174,291,63,0.0,밥,쇠고기샤브국,가자미양념찜,698.0,463.0
265,2017-02-27,월,2632,134,181,368,0.0,밥,황태국,짬뽕불고기,1141.0,563.0
266,2017-02-28,화,2632,156,203,179,0.0,김밥,꼬치어묵탕,쫄면야채무침,956.0,536.0
267,2017-03-02,목,2627,190,215,428,0.0,후난식볶음밥,잔치국수,새우또띠아,1057.0,593.0
268,2017-03-03,금,2627,174,256,70,0.0,밥,해물된장찌개,소고기모듬장조림,926.0,578.0
269,2017-03-06,월,2627,63,201,490,0.0,밥,김치두부국,쇠불고기,1311.0,658.0
270,2017-03-07,화,2627,41,214,455,0.0,참치야채비빔밥,맑은국,수제고로케,994.0,545.0
271,2017-03-08,수,2627,46,233,0,0.0,밥,차돌박이찌개,코다리강정,879.0,518.0
272,2017-03-09,목,2627,55,254,346,0.0,김밥볶음밥,팽이장국,볶음우동,954.0,519.0
273,2017-03-10,금,2627,145,291,63,0.0,밥,미역국,제육볶음,664.0,461.0
274,2017-03-13,월,2627,82,211,449,0.0,밥,육개장,갈치조림,1295.0,596.0
275,2017-03-14,화,2627,46,230,437,0.0,콩나물밥,가쯔오장국,주꾸미볶음,972.0,533.0
276,2017-03-15,수,2627,40,234,0,0.0,밥,북어계란국,등갈비김치찜,961.0,486.0
277,2017-03-16,목,2627,47,259,357,0.0,멸치주먹밥,김치말이국수,훈제오리냉채,951.0,504.0
278,2017-03-17,금,2627,129,299,59,0.0,밥,열무된장국,미니함박조림,625.0,429.0
279,2017-03-20,월,2627,86,207,390,0.0,밥,매운버섯국,누룽지탕수육,1328.0,556.0
280,2017-03-21,화,2627,55,222,454,0.0,베이컨김치볶음밥,미소장국,로제파스타,940.0,647.0
281,2017-03-22,수,2627,53,235,0,0.0,*,,,953.0,0.0
282,2017-03-23,목,2627,62,245,321,0.0,통새우김밥,짬뽕,고구마치즈구이,911.0,557.0
283,2017-03-24,금,2627,181,279,50,0.0,밥,연두부탕,닭강정,644.0,518.0
284,2017-03-27,월,2627,105,242,360,0.0,밥,부대찌개,고등어구이,1114.0,501.0
285,2017-03-28,화,2627,44,248,368,0.0,해물볶음밥,맑은국,비빔메밀국수,970.0,504.0
286,2017-03-29,수,2627,42,237,0,0.0,밥,우거지탕,돈까스,966.0,474.0
287,2017-03-30,목,2627,67,278,223,0.0,충무김밥,유부우동,오징어무침,802.0,497.0
288,2017-03-31,금,2627,147,296,45,0.0,밥,봄동된장국,동태콩나물찜,639.0,420.0
289,2017-04-03,월,2626,81,198,465,0.0,밥,콩비지찌개,가자미카레튀김,1258.0,577.0
290,2017-04-04,화,2626,54,212,418,0.0,참치주먹밥,쌀국수,오징어순대볶음,809.0,535.0
291,2017-04-05,수,2626,63,251,0,0.0,밥,미역장국,유자청돈육볶음,1060.0,391.0
292,2017-04-06,목,2626,65,271,317,0.0,김치볶음밥/계란,유부주머니국,쇠고기퀘사디아,897.0,436.0
293,2017-04-07,금,2626,151,291,67,0.0,밥,매운어묵국,순살닭갈비,602.0,431.0
294,2017-04-10,월,2626,81,229,418,0.0,밥,무채국,치즈시즈닝치킨,1218.0,541.0
295,2017-04-11,화,2626,44,234,440,0.0,밥,카레돈까스정식,미소장국,994.0,535.0
296,2017-04-12,수,2626,41,241,0,0.0,밥,순두부찌개,삼치구이,893.0,384.0
297,2017-04-13,목,2626,61,270,318,0.0,유부초밥,잔치국수,수제핫도그,784.0,521.0
298,2017-04-14,금,2626,122,298,55,0.0,밥,청국장찌개,돈육장조림,541.0,402.0
299,2017-04-17,월,2626,82,220,434,0.0,밥,쇠고기무국,고등어조림,1237.0,479.0
300,2017-04-18,화,2626,57,244,405,0.0,나가사끼짬뽕,야채볶음밥,치킨핑거*요거트D,839.0,567.0
301,2017-04-19,수,2626,36,256,0,0.0,밥,닭개장,갈치구이,871.0,408.0
302,2017-04-20,목,2626,44,288,284,0.0,오므라이스,가쯔오장국,떡볶이,713.0,511.0
303,2017-04-21,금,2626,137,307,59,0.0,밥,열무된장국,돈육강정,547.0,353.0
304,2017-04-24,월,2626,76,260,373,0.0,밥,오징어국,쇠고기숙주볶음,1109.0,531.0
305,2017-04-25,화,2626,69,288,336,0.0,멸치주먹밥,양송이스프,토마토스파게티,791.0,510.0
306,2017-04-26,수,2626,45,304,0,0.0,*,,,835.0,0.0
307,2017-04-27,목,2626,61,311,183,0.0,닭갈비볶음밥,어묵국,크림카레우동,788.0,442.0
308,2017-04-28,금,2626,161,310,44,0.0,밥,얼갈이된장국,주꾸미떡볶음,575.0,362.0
309,2017-05-02,화,2637,933,123,88,0.0,밥,순두부찌개,돈육굴소스볶음,525.0,298.0
310,2017-05-04,목,2637,1224,41,45,0.0,야채볶음밥,유부주머니국,미니버거,383.0,262.0
311,2017-05-08,월,2637,715,130,151,0.0,밥,육개장,꽁치오븐구이,792.0,308.0
312,2017-05-10,수,2637,68,223,0,0.0,밥,연두부탕,닭오븐구이,1235.0,500.0
313,2017-05-11,목,2637,57,264,471,0.0,볶음밥/짜장소스,맑은국,사천식탕수육,829.0,501.0
314,2017-05-12,금,2637,113,289,96,0.0,밥,청국장찌개,돼지갈비찜,817.0,507.0
315,2017-05-15,월,2637,63,224,516,0.0,밥,닭개장,가자미카레튀김,1203.0,505.0
316,2017-05-16,화,2637,41,266,486,0.0,꼬마김밥*겨자장,잔치국수,감자만두,890.0,533.0
317,2017-05-17,수,2637,46,268,0,0.0,밥,차돌박이찌개,갈치양념조림,864.0,484.0
318,2017-05-18,목,2637,60,287,343,0.0,밥,옛날돈가스,옥수수스프,796.0,459.0
319,2017-05-19,금,2637,146,305,81,0.0,밥,배추된장국,쇠고기숙주볶음,662.0,414.0
320,2017-05-22,월,2637,63,240,504,0.0,밥,연두부찌개,코다리조림,1207.0,585.0
321,2017-05-23,화,2637,47,257,429,0.0,볶음밥,짬뽕,탕수육,889.0,545.0
322,2017-05-24,수,2637,49,277,0,0.0,밥,꽃게탕,모둠장조림,852.0,387.0
323,2017-05-25,목,2637,57,290,320,0.0,마파두부덮밥,유부장국,수제고로케,838.0,456.0
324,2017-05-26,금,2637,164,302,60,0.0,밥,된장찌개,치즈닭갈비,597.0,462.0
325,2017-05-29,월,2637,88,240,394,0.0,밥,우거지해장국,임연수엿장조림,1193.0,555.0
326,2017-05-30,화,2637,57,256,293,0.0,김밥,맑은국,쫄면야채무침,821.0,579.0
327,2017-05-31,수,2637,43,265,0,0.0,자기계발의날,,,910.0,0.0
328,2017-06-01,목,2648,66,265,317,0.0,주먹밥,단호박스프,로제스파게티,914.0,505.0
329,2017-06-02,금,2648,165,293,77,0.0,밥,새알만두국,팝콘치킨*데리야끼소스,699.0,480.0
330,2017-06-05,월,2648,633,150,174,0.0,밥,감자고추장찌개,탕수어,760.0,306.0
331,2017-06-07,수,2648,75,228,0,0.0,밥,열무된장국,돼지갈비찜,1127.0,549.0
332,2017-06-08,목,2648,63,274,423,0.0,김밥볶음밥,냉모밀국수,야채튀김,857.0,443.0
333,2017-06-09,금,2648,130,294,67,0.0,밥,쇠고기미역국,가자미양념찜,715.0,460.0
334,2017-06-12,월,2648,87,209,529,0.0,밥,된장찌개,돈육강정,1140.0,552.0
335,2017-06-13,화,2648,47,234,451,0.0,참치회덮밥,미소장국,고구마치즈구이,916.0,540.0
336,2017-06-14,수,2648,55,253,0,0.0,밥,알탕,미트볼케찹조림,907.0,408.0
337,2017-06-15,목,2648,64,268,318,0.0,볶음밥,열무김치국수,부추만두,763.0,443.0
338,2017-06-16,금,2648,164,305,62,0.0,밥,참치김치찌개,쇠고기장조림,644.0,383.0
339,2017-06-19,월,2648,102,226,455,0.0,밥,감자국,닭데리야끼조림,1126.0,489.0
340,2017-06-20,화,2648,66,253,429,0.0,충무김밥,미역장국,오징어무침,888.0,508.0
341,2017-06-21,수,2648,60,269,0,0.0,밥,해물된장찌개,고추잡채*꽃빵,982.0,445.0
342,2017-06-22,목,2648,69,273,317,0.0,소고기주먹밥,쌀국수,또띠아피자,875.0,451.0
343,2017-06-23,금,2648,162,290,57,0.0,밥,콩비지찌개,탕수어,609.0,441.0
344,2017-06-26,월,2648,112,237,374,0.0,밥,연두부찌개,탕수육,1147.0,539.0
345,2017-06-27,화,2648,59,256,309,0.0,콩국수,작은밥,탄두리치킨,973.0,575.0
346,2017-06-28,수,2648,58,259,0,0.0,*자기계발의날*,,,745.0,0.0
347,2017-06-29,목,2648,66,266,209,0.0,빠에야,올챙이만두국,웨지감자,814.0,451.0
348,2017-06-30,금,2648,188,296,34,0.0,밥,청국장찌개,장어강정,695.0,370.0
349,2017-07-03,월,2839,66,214,414,0.0,밥,육개장,고등어카레구이,1231.0,501.0
350,2017-07-04,화,2839,50,247,368,0.0,후난식볶음밥,가쯔오장국,닭강정,962.0,432.0
351,2017-07-05,수,2839,46,260,0,0.0,밥,대구찌개,돈육굴소스볶음,912.0,340.0
352,2017-07-06,목,2839,72,268,341,0.0,김밥,잔치국수,수제고로케,821.0,501.0
353,2017-07-07,금,2839,146,288,73,0.0,밥,순두부찌개,해물까스*탈탈소스,613.0,472.0
354,2017-07-10,월,2839,98,215,406,0.0,밥,감자국,사천식탕수육,1084.0,527.0
355,2017-07-11,화,2839,62,232,380,0.0,오므라이스,미소장국,새우또띠아,866.0,444.0
356,2017-07-12,수,2839,69,263,0,0.0,밥,해물된장찌개,모둠장조림,918.0,414.0
357,2017-07-13,목,2839,79,277,311,0.0,유부초밥,김치말이국수,풋고추튀김,765.0,461.0
358,2017-07-14,금,2839,209,286,57,0.0,밥,고추장찌개,미니함박조림,613.0,485.0
359,2017-07-17,월,2839,132,212,424,0.0,밥,꽃게탕,소고기장조림,1168.0,500.0
360,2017-07-18,화,2839,98,239,419,0.0,목살필라프,단호박스프,토마토스파게티,916.0,513.0
361,2017-07-19,수,2839,79,259,0,0.0,밥,호박잎된장찌개,언양식불고기,830.0,457.0
362,2017-07-20,목,2839,90,278,270,0.0,카레라이스,유부장국,해물볶음우동,750.0,429.0
363,2017-07-21,금,2839,206,301,46,0.0,밥,육개장,꽁치구이,648.0,410.0
364,2017-07-24,월,2839,237,211,401,0.0,밥,콩가루배추국,고추잡채*꽃빵,1119.0,486.0
365,2017-07-25,화,2839,214,243,272,0.0,빠에야,냉모밀국수,비빔야채만두,827.0,514.0
366,2017-07-26,수,2839,254,246,0,0.0,가정의날,,,797.0,0.0
367,2017-07-27,목,2839,334,240,221,0.0,마파두부덮밥,미역장국,탕수육,804.0,486.0
368,2017-07-28,금,2839,419,264,46,0.0,밥,닭개장,생선까스*탈탈소스,501.0,459.0
369,2017-07-31,월,2839,524,156,192,0.0,밥,아욱국,돈육씨앗강정,945.0,455.0
370,2017-08-01,화,2645,466,181,320,0.0,김밥볶음밥,잔치국수,훈제오리냉채,745.0,509.0
371,2017-08-02,수,2645,454,188,0,0.0,밥,느타리버섯국,탕수어,799.0,337.0
372,2017-08-03,목,2645,451,207,301,0.0,콩나물밥,가쯔오장국,쇠고기장조림,776.0,401.0
373,2017-08-04,금,2645,544,238,55,0.0,밥,차돌박이찌개,치킨텐더,668.0,354.0
374,2017-08-07,월,2645,428,168,351,0.0,밥,근대국,등갈비김치찜,1078.0,497.0
375,2017-08-08,화,2645,414,207,350,0.0,해물굴소스볶음밥,가쯔오장국,비빔메밀국수,842.0,445.0
376,2017-08-09,수,2645,428,210,0,0.0,밥,뼈해장국,고등어조림,946.0,372.0
377,2017-08-10,목,2645,438,228,292,0.0,멸치주먹밥,물냉면,케이준샐러드,777.0,438.0
378,2017-08-11,금,2645,566,240,66,0.0,밥,오징어국,깐풍기,710.0,393.0
379,2017-08-14,월,2645,863,131,114,0.0,밥,콩가루배추국,양파치킨,692.0,275.0
380,2017-08-16,수,2645,403,180,0,0.0,밥,콩나물국,돼지갈비찜,973.0,433.0
381,2017-08-17,목,2645,357,221,380,0.0,김치볶음밥,어묵우동,미니햄버거,823.0,507.0
382,2017-08-18,금,2645,396,272,61,0.0,밥,해물순두부찌개,유자청제육볶음,731.0,484.0
383,2017-08-21,월,2645,74,169,618,0.0,밥,참치김치찌개,안동찜닭,1232.0,673.0
384,2017-08-22,화,2645,74,213,484,0.0,충무김밥,유부주머니국,오징어무침,1053.0,604.0
385,2017-08-23,수,2645,72,215,0,0.0,밥,청국장찌개,돈육모듬장조림,953.0,537.0
386,2017-08-24,목,2645,78,259,344,0.0,김치주먹밥,콩국수,타코야끼,843.0,489.0
387,2017-08-25,금,2645,164,310,55,0.0,밥,고추장찌개,생선까스*탈탈소스,594.0,354.0
388,2017-08-28,월,2645,169,225,337,0.0,밥,닭곰탕,고등어김치말이,1191.0,514.0
389,2017-08-29,화,2645,121,260,294,0.0,유부초밥,냉모밀국수,깐풍육,877.0,609.0
390,2017-08-30,수,2645,116,270,0,0.0,밥,부대찌개,해물청경채볶음,898.0,395.0
391,2017-08-31,목,2645,110,281,189,0.0,밥,옛날돈까스,브로컬리크림스프,852.0,487.0
392,2017-09-01,금,2642,177,303,45,0.0,*,,,663.0,0.0
393,2017-09-04,월,2642,113,243,416,0.0,밥,콩나물김치국,가자미튀김,1168.0,581.0
394,2017-09-05,화,2642,74,265,390,0.0,닭갈비볶음밥,가쯔오장국,크림카레우동,924.0,518.0
395,2017-09-06,수,2642,69,275,0,0.0,밥,해물된장찌개,돈육굴소스볶음,922.0,503.0
396,2017-09-07,목,2642,78,279,358,0.0,볶음밥/짜장소스,맑은국,고추잡채*꽃빵,926.0,455.0
397,2017-09-08,금,2642,155,305,66,0.0,밥,콩비지찌개,유린기,662.0,494.0
398,2017-09-11,월,2642,101,203,478,0.0,밥,소고기무국,주꾸미굴소스볶음,1350.0,510.0
399,2017-09-12,화,2642,72,242,430,0.0,김밥,잔치국수,야채튀김,993.0,540.0
400,2017-09-13,수,2642,57,253,0,0.0,밥,미역국,돼지갈비찜,945.0,476.0
401,2017-09-14,목,2642,68,291,317,0.0,빠에야,쌀국수,고구마오븐구이,860.0,437.0
402,2017-09-15,금,2642,198,290,70,0.0,밥,된장찌개,돈육간장강정,602.0,454.0
403,2017-09-18,월,2642,93,220,501,0.0,밥,아욱국,후르츠탕수육,1214.0,552.0
404,2017-09-19,화,2642,49,246,432,0.0,충무김밥,나가사끼짬뽕,오징어초무침,958.0,567.0
405,2017-09-20,수,2642,62,279,0,0.0,밥,김치국,해물청경채볶음,890.0,411.0
406,2017-09-21,목,2642,70,280,334,0.0,치킨마요덮밥,꼬지어묵탕,수제칠리핫도그,820.0,546.0
407,2017-09-22,금,2642,174,291,67,0.0,밥,설렁탕,김치전,735.0,490.0
408,2017-09-25,월,2642,97,258,385,0.0,밥,부대찌개*라면사리,갈치구이,1099.0,592.0
409,2017-09-26,화,2642,81,261,342,0.0,참치주먹밥,김치우동,오징어튀김,902.0,573.0
410,2017-09-27,수,2642,70,265,0,0.0,밥,된장찌개,미니함박조림,1023.0,0.0
411,2017-09-28,목,2642,102,263,202,0.0,오므라이스,맑은장국,돈가스또띠아,589.0,473.0
412,2017-09-29,금,2642,214,248,22,0.0,*,,,760.0,0.0
413,2017-10-10,화,2645,105,209,641,0.0,밥,동태찌개,돈육굴소스볶음,1265.0,746.0
414,2017-10-11,수,2645,60,250,0,0.0,후난식볶음밥,잔치국수,새우까스*탈탈소스,1109.0,613.0
415,2017-10-12,목,2645,46,269,1017,0.0,밥,순두부찌개,소고기숙주볶음,989.0,626.0
416,2017-10-13,금,2645,63,268,86,0.0,밥,어묵국,등갈비김치찜,1015.0,628.0
417,2017-10-16,월,2645,90,225,464,0.0,밥,콩나물국,닭오븐구이,1173.0,497.0
418,2017-10-17,화,2645,56,258,453,0.0,목살필라프,단호박스프,로제스파게티,848.0,555.0
419,2017-10-18,수,2645,45,270,0,0.0,밥,얼갈이된장국,소고기모듬장조림,814.0,490.0
420,2017-10-19,목,2645,67,282,341,0.0,산채비빔밥,유부장국,수제고로케,901.0,514.0
421,2017-10-20,금,2645,190,301,53,0.0,밥,된장찌개,코다리강정,533.0,416.0
422,2017-10-23,월,2645,116,250,435,0.0,밥,수제비국,닭강정,1115.0,538.0
423,2017-10-24,화,2645,65,258,400,0.0,볶음밥*자장소스,계란파국,떡볶이,1037.0,439.0
424,2017-10-25,수,2645,75,289,0,0.0,*,,,786.0,0.0
425,2017-10-26,목,2645,101,302,251,0.0,멸치주먹밥,김치국수,소고기퀘사디아,824.0,405.0
426,2017-10-27,금,2645,210,309,57,0.0,밥,콩비지찌개,가자미카레튀김,567.0,327.0
427,2017-10-30,월,2645,124,250,374,0.0,밥,돈육김치찌개,꽁치구이,1150.0,589.0
428,2017-10-31,화,2645,63,290,238,0.0,오므라이스,가쯔오장국,해물까스*탈탈소스,955.0,503.0
429,2017-11-01,수,2644,63,279,0,0.0,밥,순두부찌개,깐풍기,815.0,424.0
430,2017-11-02,목,2644,53,304,333,0.0,통새우김밥,우동,찹쌀순대볶음,854.0,469.0
431,2017-11-03,금,2644,173,304,58,0.0,밥,닭개장,미트볼케찹조림,644.0,406.0
432,2017-11-06,월,2644,93,244,452,0.0,밥,어묵국,소고기장조림,1167.0,451.0
433,2017-11-07,화,2644,75,268,462,0.0,유부초밥,잔치국수,감자치즈오븐구이,943.0,522.0
434,2017-11-08,수,2644,60,276,0,0.0,밥,쇠고기샤브국,해물청경채볶음,780.0,397.0
435,2017-11-09,목,2644,90,287,347,0.0,낙지덮밥,유부장국,동그랑땡전,797.0,414.0
436,2017-11-10,금,2644,184,292,56,0.0,밥,소고기무국,임연수엿장조림,630.0,397.0
437,2017-11-13,월,2644,107,240,525,0.0,밥,연두부탕,훈제오리떡볶음,1017.0,547.0
438,2017-11-14,화,2644,78,269,388,0.0,볶음밥,계란국,짜장면,924.0,515.0
439,2017-11-15,수,2644,87,276,0,0.0,밥,뼈감자탕,해물까스*탈탈소스,895.0,363.0
440,2017-11-16,목,2644,129,283,347,0.0,밥,수제비국,김치두루치기,736.0,437.0
441,2017-11-17,금,2644,213,311,58,0.0,밥,토란탕,주꾸미굴소스볶음,640.0,332.0
442,2017-11-20,월,2644,107,237,517,0.0,밥,알탕,동파삼겹수육,1115.0,569.0
443,2017-11-21,화,2644,77,256,435,0.0,닭갈비볶음밥,쌀국수,수제고로케,954.0,486.0
444,2017-11-22,수,2644,64,277,0,0.0,밥,배추된장국,쇠고기장조림,817.0,424.0
445,2017-11-23,목,2644,122,288,305,0.0,꼬마김밥*겨자장,김치우동,치킨핑거,758.0,433.0
446,2017-11-24,금,2644,210,303,63,0.0,밥,육개장,새우까스*탈탈소스,563.0,378.0
447,2017-11-27,월,2644,132,262,402,0.0,밥,쇠고기미역국,닭갈비,1065.0,483.0
448,2017-11-28,화,2644,112,265,347,0.0,참치주먹밥,짬뽕,고구마그라탕,929.0,517.0
449,2017-11-29,수,2644,78,261,0,0.0,*,,,903.0,0.0
450,2017-11-30,목,2644,97,267,256,0.0,목살필라프,로제파스타/스프,홍시드레싱샐러드,781.0,511.0
451,2017-12-01,금,2665,243,268,136,0.0,밥,열무된장국,수제돈가스,660.0,381.0
452,2017-12-04,월,2665,117,206,868,0.0,밥,김치찌개,유린기,1142.0,625.0
453,2017-12-05,화,2665,60,225,871,0.0,참치회덮밥,미소장국,또띠아피자,939.0,571.0
454,2017-12-06,수,2665,78,254,0,0.0,밥,쇠고기샤브국,꽁치김치찜,860.0,414.0
455,2017-12-07,목,2665,98,270,608,0.0,김밥,잔치국수,타코야끼,740.0,509.0
456,2017-12-08,금,2665,169,304,141,0.0,밥,설렁탕,김치전,682.0,407.0
457,2017-12-11,월,2665,93,219,748,0.0,밥,배추국,쇠고기장조림,1165.0,536.0
458,2017-12-12,화,2665,73,237,604,0.0,김치볶음밥,어묵우동,미니햄버거,884.0,641.0
459,2017-12-13,수,2665,67,246,0,0.0,밥,새알미역국,닭갈비,978.0,430.0
460,2017-12-14,목,2665,105,266,309,0.0,멸치주먹밥,나가사끼짬뽕,소고기퀘사디아,875.0,405.0
461,2017-12-15,금,2665,208,288,48,0.0,밥,올갱이아욱국,등갈비김치찜,618.0,426.0
462,2017-12-18,월,2665,140,230,156,0.0,밥,돈육김치찌개,가자미카레튀김,1149.0,418.0
463,2017-12-19,화,2665,109,269,146,0.0,볶음밥*짜장소스,맑은국,닭오븐구이,715.0,345.0
464,2017-12-20,수,2665,108,262,0,0.0,밥,근대국,고추잡채*꽃빵,814.0,396.0
465,2017-12-21,목,2665,127,262,102,0.0,작은밥,바지락수제비,찹쌀순대볶음,692.0,380.0
466,2017-12-22,금,2665,239,270,34,0.0,밥,황태무채국,유자청제육볶음,565.0,482.0
467,2017-12-26,화,2665,267,227,62,0.0,밥,청국장찌개,돈육계란장조림,915.0,176.0
468,2017-12-27,수,2665,169,255,0,0.0,*,,,571.0,0.0
469,2017-12-28,목,2665,240,260,55,0.0,밥,옛날왕돈까스,크림스프,311.0,245.0
470,2017-12-29,금,2665,489,242,5,0.0,밥,육개장,자반고등어구이,394.0,209.0
471,2018-01-02,화,2655,73,102,301,0.0,밥,대구매운탕,유산슬,1148.0,432.0
472,2018-01-03,수,2655,60,207,0,0.0,밥,홍합탕,사천식탕수육,883.0,441.0
473,2018-01-04,목,2655,67,226,326,0.0,날치알김치볶음밥,어묵우동,새우또띠아,893.0,435.0
474,2018-01-05,금,2655,152,246,58,0.0,밥,연두부탕,순대오징어볶음,762.0,509.0
475,2018-01-08,월,2655,100,194,377,0.0,밥,냉이된장국,등갈비김치찜,1178.0,554.0
476,2018-01-09,화,2655,70,215,298,0.0,목살필라프,옥수수스프,토마토스파게티,816.0,349.0
477,2018-01-10,수,2655,58,210,0,0.0,밥,쇠고기미역국,주꾸미굴소스볶음,865.0,423.0
478,2018-01-11,목,2655,73,238,337,0.0,밥,뼈감자탕,삼치된장구이,911.0,430.0
479,2018-01-12,금,2655,163,266,59,0.0,밥,시래기국,훈제오리구이,679.0,398.0
480,2018-01-15,월,2655,112,192,443,0.0,밥,매운버섯국,굴비구이,1256.0,480.0
481,2018-01-16,화,2655,73,216,405,0.0,김치주먹밥,쌀국수,국물떡볶이,1076.0,523.0
482,2018-01-17,수,2655,70,223,0,0.0,밥,콩나물국,삼겹살구이,969.0,466.0
483,2018-01-18,목,2655,98,233,325,0.0,오므라이스,팽이장국,돈육강정,830.0,472.0
484,2018-01-19,금,2655,224,275,77,0.0,밥,순두부찌개,닭갈비,654.0,419.0
485,2018-01-22,월,2655,103,211,371,0.0,밥,돈육김치찌개,갈치구이,1241.0,492.0
486,2018-01-23,화,2655,66,230,297,0.0,김밥,유부장국,해물볶음우동,872.0,488.0
487,2018-01-24,수,2655,51,224,0,0.0,밥,근대국,안동찜닭,845.0,274.0
488,2018-01-25,목,2655,57,225,261,0.0,야채볶음밥,짬뽕,수제고로케,754.0,513.0
489,2018-01-26,금,2655,166,262,43,0.0,밥,쇠고기샤브국,미트볼케찹조림,722.0,418.0
490,2018-01-29,월,2655,70,192,454,0.0,밥,청국장찌개,류산슬,1417.0,689.0
491,2018-01-30,화,2655,60,216,433,0.0,유부초밥,새우튀김우동,시저샐러드,1054.0,689.0
492,2018-01-31,수,2655,56,223,0,0.0,*,,,1138.0,0.0
493,2018-02-01,목,2707,73,254,401,0.0,후난식볶음밥,잔치국수,돈가스또띠아,1002.0,620.0
494,2018-02-02,금,2707,153,278,88,0.0,밥,알탕,주꾸미굴소스볶음,760.0,503.0
495,2018-02-05,월,2707,76,213,560,0.0,밥,참치김치찌개,꽁치오븐구이,1372.0,673.0
496,2018-02-06,화,2707,50,235,491,0.0,낙지볶음덮밥,팽이장국,야채튀김,1085.0,601.0
497,2018-02-07,수,2707,59,253,0,0.0,밥,시금치된장국,매운닭찜,1107.0,540.0
498,2018-02-08,목,2707,71,273,378,0.0,밥,옛날왕돈까스,옥수수스프,984.0,543.0
499,2018-02-09,금,2707,149,296,86,0.0,밥,감자고추장찌개,유린기,724.0,518.0
500,2018-02-12,월,2707,103,244,476,0.0,밥,육개장,가자미카레튀김,1251.0,541.0
501,2018-02-13,화,2707,106,235,371,0.0,베이컨김치볶음밥,단호박스프,로제파스타,955.0,552.0
502,2018-02-14,수,2707,418,159,0,0.0,밥,쇠고기무국,고추잡채*꽃빵,850.0,0.0
503,2018-02-19,월,2707,255,171,604,0.0,밥,콩비지찌개,명태조림,1298.0,657.0
504,2018-02-20,화,2707,82,231,521,0.0,해물굴소스볶음밥,가쯔오장국,닭오븐구이,1105.0,609.0
505,2018-02-21,수,2707,74,243,0,0.0,밥,우거지해장국,고등어자반찜,1087.0,522.0
506,2018-02-22,목,2707,82,277,400,0.0,볶음밥,김치우동,오징어튀김,988.0,578.0
507,2018-02-23,금,2707,161,304,69,0.0,밥,대구매운탕,돈육장조림,651.0,522.0
508,2018-02-26,월,2707,105,231,491,0.0,밥,쇠고기미역국,닭매운찜,1192.0,585.0
509,2018-02-27,화,2707,81,263,332,0.0,짜장잡채덮밥,계란국,연근/고구마튀김,934.0,438.0
510,2018-02-28,수,2707,134,278,0,0.0,*,,,786.0,0.0
511,2018-03-02,금,2714,840,206,57,0.0,밥,콩나물김치국,돈육굴소스볶음,508.0,349.0
512,2018-03-05,월,2714,92,211,593,0.0,밥,콩나물국,돈육고추장볶음,1355.0,687.0
513,2018-03-06,화,2714,54,242,547,0.0,김밥,잔치국수,해물떡볶이,1020.0,671.0
514,2018-03-07,수,2714,41,238,0,0.0,밥,된장찌개,삼겹살구이,1057.0,600.0
515,2018-03-08,목,2714,38,268,406,0.0,산채비빔밥,유부장국,수제고로케,973.0,553.0
516,2018-03-09,금,2714,123,294,77,0.0,밥,설렁탕,김치전,716.0,580.0
517,2018-03-12,월,2714,69,217,591,0.0,밥,닭개장,갈치구이,1361.0,663.0
518,2018-03-13,화,2714,39,249,556,0.0,김치볶음밥,어묵우동,쇠고기퀘사디아,997.0,639.0
519,2018-03-14,수,2714,56,245,0,0.0,밥,콩비지찌개,유자청돈육볶음,948.0,464.0
520,2018-03-15,목,2714,47,270,359,0.0,작은밥,바지락수제비,사천식탕수육,975.0,489.0
521,2018-03-16,금,2714,135,302,75,0.0,밥,콩나물국,닭갈비,707.0,487.0
522,2018-03-19,월,2714,80,224,503,0.0,밥,부대찌개,고등어구이,1159.0,559.0
523,2018-03-20,화,2714,46,246,445,0.0,오므라이스,가쯔오장국,모둠튀김*칠리소스,1040.0,571.0
524,2018-03-21,수,2714,45,263,0,0.0,밥,연두부탕,돈육장조림,1092.0,482.0
525,2018-03-22,목,2714,56,290,327,0.0,빠에야,쌀국수,웨지감자,899.0,492.0
526,2018-03-23,금,2714,174,307,51,0.0,밥,버섯매운국,새우까스*탈탈소스,759.0,454.0
527,2018-03-26,월,2714,125,226,448,0.0,밥,황태국,소고기숙주볶음,1276.0,604.0
528,2018-03-27,화,2714,52,258,408,0.0,김밥,나가사끼짬뽕,후르츠탕수육,1005.0,599.0
529,2018-03-28,수,2714,45,252,0,0.0,*,,,926.0,0.0
530,2018-03-29,목,2714,51,273,302,0.0,참치회덮밥,미소장국,봄나물튀김,936.0,523.0
531,2018-03-30,금,2714,196,296,43,0.0,밥,시래기국,돼지갈비찜,616.0,466.0
532,2018-04-02,월,2714,83,224,481,0.0,밥,육개장,꽁치오븐구이,1212.0,586.0
533,2018-04-03,화,2714,56,266,438,0.0,멸치주먹밥,잔치국수,훈제오리냉채,800.0,486.0
534,2018-04-04,수,2714,64,267,0,0.0,밥,시금치된장국,동파삼겹수육,903.0,519.0
535,2018-04-05,목,2714,69,285,378,0.0,볶음밥&짜장소스,꼬지어묵탕,케이준치킨샐러드,849.0,569.0
536,2018-04-06,금,2714,220,295,49,0.0,밥,쇠고기샤브국,동태포전,741.0,394.0
537,2018-04-09,월,2714,118,221,523,0.0,밥,소고기매운국,굴비구이,1283.0,588.0
538,2018-04-10,화,2714,66,256,420,0.0,베이컨김치볶음밥,새우튀김우동,찹쌀순대볶음,855.0,522.0
539,2018-04-11,수,2714,23,239,0,0.0,밥,꽃게탕,레몬탕수육,804.0,540.0
540,2018-04-12,목,2714,40,268,384,0.0,후난식볶음밥,도토리묵냉국,닭강정,796.0,535.0
541,2018-04-13,금,2714,164,292,45,0.0,밥,어묵국,버섯불고기,652.0,444.0
542,2018-04-16,월,2714,84,234,484,0.0,밥,차돌박이찌개,유린기,1195.0,599.0
543,2018-04-17,화,2714,39,261,413,0.0,충무김밥,김치말이국수,오징어무침,900.0,537.0
544,2018-04-18,수,2714,49,268,0,0.0,밥,콩비지찌개,쇠고기야채볶음,922.0,456.0
545,2018-04-19,목,2714,98,288,285,0.0,참치주먹밥,로제스파게티,미소장국,846.0,499.0
546,2018-04-20,금,2714,194,303,42,0.0,밥,소고기무국,닭갈비,605.0,409.0
547,2018-04-23,월,2714,89,235,440,0.0,밥,청국장찌개,돼지갈비찜,1246.0,569.0
548,2018-04-24,화,2714,60,274,360,0.0,하와이안필라프,쌀국수,미니햄버거,940.0,587.0
549,2018-04-25,수,2714,66,285,0,0.0,,,,851.0,0.0
550,2018-04-26,목,2714,69,293,266,0.0,유부초밥,우동,표고버섯탕수육,761.0,483.0
551,2018-04-27,금,2714,205,304,40,0.0,밥,쇠고기샤브국,주꾸미떡볶음,674.0,380.0
552,2018-04-30,월,2714,646,180,107,0.0,밥,육개장,해물누룽지탕,629.0,317.0
553,2018-05-02,수,2721,110,247,0,0.0,밥,올갱이아욱국,소고기버섯볶음,1137.0,535.0
554,2018-05-03,목,2721,102,296,332,0.0,김밥,잔치국수,해물떡볶이,883.0,436.0
555,2018-05-04,금,2721,241,284,57,0.0,밥,감자국,쇠고기장조림,630.0,440.0
556,2018-05-08,화,2721,133,231,590,0.0,밥,삼계국밥,삼치양념찜,1225.0,625.0
557,2018-05-09,수,2721,86,269,0,0.0,밥,대구매운탕,언양식불고기,919.0,413.0
558,2018-05-10,목,2721,80,291,369,0.0,볶음밥*짜장소스,맑은국,사천식탕수육,763.0,441.0
559,2018-05-11,금,2721,183,296,48,0.0,밥,꽃게탕,유린기,602.0,445.0
560,2018-05-14,월,2721,100,229,490,0.0,밥,닭개장,고추잡채*꽃빵,1229.0,536.0
561,2018-05-15,화,2721,64,272,457,0.0,오므라이스,가쯔오장국,생선까스*탈탈소스,1004.0,620.0
562,2018-05-16,수,2721,58,264,0,0.0,밥,고추장찌개,갈치구이,1031.0,472.0
563,2018-05-17,목,2721,71,278,343,0.0,멸치주먹밥,김치국수,깐풍육,811.0,473.0
564,2018-05-18,금,2721,145,302,29,0.0,밥,연두부탕,미니채소떡갈비,563.0,399.0
565,2018-05-21,월,2721,861,144,139,0.0,밥,콩나물김치국,모듬장조림,543.0,234.0
566,2018-05-23,수,2721,89,246,0,0.0,밥,해물된장찌개,돈육칠리강정,1065.0,477.0
567,2018-05-24,목,2721,64,281,379,0.0,토마토스파게티,완두콩스프,함박스테이크,754.0,494.0
568,2018-05-25,금,2721,136,293,70,0.0,밥,쇠고기무국,닭겨자냉채,594.0,432.0
569,2018-05-28,월,2721,92,221,495,0.0,밥,고추장찌개,쇠고기숙주볶음,1306.0,594.0
570,2018-05-29,화,2721,73,258,422,0.0,볶음밥,짬뽕,깐풍기,931.0,552.0
571,2018-05-30,수,2721,80,281,0,0.0,,,,876.0,0.0
572,2018-05-31,목,2721,90,283,242,0.0,충무김밥,우동,오징어초무침,856.0,525.0
573,2018-06-01,월,2728,180,291,55,0.0,밥,콩비지찌개,레몬탕수육,649.0,395.0
574,2018-06-04,월,2728,158,215,519,0.0,밥,쇠고기샤브국,가자미양념찜,1211.0,564.0
575,2018-06-05,화,2728,163,233,253,0.0,참치주먹밥,잔치국수,새우까스*칠리소스,884.0,526.0
576,2018-06-07,목,2728,187,265,379,0.0,밥,조랭이떡미역국,돈육장조림,890.0,475.0
577,2018-06-08,금,2728,252,288,65,0.0,밥,얼갈이된장국,닭오븐구이,631.0,458.0
578,2018-06-11,월,2728,153,195,490,0.0,밥,무채국,닭볶음탕,1228.0,557.0
579,2018-06-12,화,2728,156,234,249,0.0,밥,고추장찌개,언양식불고기,905.0,441.0
580,2018-06-14,목,2728,190,260,381,0.0,산채비빔밥,유부장국,모둠튀김*초간장,936.0,464.0
581,2018-06-15,금,2728,234,295,44,0.0,밥,어묵국,돈육굴소스볶음,639.0,442.0
582,2018-06-18,월,2728,87,229,335,0.0,밥,콩나물국,후르츠탕수육,1069.0,485.0
583,2018-06-19,화,2728,68,247,415,0.0,마파두부덮밥,맑은국,소고기퀘사디아,952.0,537.0
584,2018-06-20,수,2728,73,257,0,0.0,밥,된장찌개,유린기,875.0,448.0
585,2018-06-21,목,2728,72,282,329,0.0,김밥,잔치국수,떡볶이,791.0,550.0
586,2018-06-22,금,2728,178,305,50,0.0,*,,,552.0,448.0
587,2018-06-25,월,2728,104,240,424,0.0,밥,시래기국,삼겹살구이,1128.0,537.0
588,2018-06-26,화,2728,71,243,384,0.0,유부초밥,콩국수,순대야채볶음,1012.0,583.0
589,2018-06-27,수,2728,66,277,0,0.0,*,,,957.0,0.0
590,2018-06-28,목,2728,83,286,234,0.0,밥,옛날돈가스,단호박스프,803.0,449.0
591,2018-06-29,금,2728,210,299,12,0.0,밥,북어계란국,소고기불고기,507.0,371.0
592,2018-07-02,월,2704,96,209,130,0.0,밥,옹심이만두국,간장치킨,1258.0,609.0
593,2018-07-03,화,2704,71,220,232,0.0,후난식볶음밥,가쯔오장국,돈육강정,975.0,528.0
594,2018-07-04,수,2704,94,237,0,0.0,밥,들깨미역국,주꾸미볶음,791.0,488.0
595,2018-07-05,목,2704,93,270,234,0.0,멸치주먹밥,열무김치국수,부추만두,876.0,509.0
596,2018-07-06,금,2704,194,289,36,0.0,밥,배추된장국,가자미카레튀김,661.0,389.0
597,2018-07-09,월,2704,139,228,300,0.0,밥,닭개장,갈치구이,1097.0,519.0
598,2018-07-10,화,2704,96,251,292,0.0,볶음밥/짜장소스,맑은국,사천식탕수육,838.0,524.0
599,2018-07-11,수,2704,95,255,1,0.0,밥,무채국,콩나물불고기,894.0,435.0
600,2018-07-12,목,2704,102,270,244,0.0,빠에야,냉모밀국수,감자치즈구이,764.0,487.0
601,2018-07-13,금,2704,200,302,29,0.0,밥,시금치국,해물누룽지탕,585.0,394.0
602,2018-07-16,월,2704,150,199,318,0.0,밥,돈육김치찌개,꽁치오븐구이,1061.0,529.0
603,2018-07-17,화,2704,111,256,307,0.0,해물굴소스볶음밥,가쯔오국,로제파스타,1116.0,451.0
604,2018-07-18,수,2704,108,254,0,0.0,밥,소고기미역국,오징어볶음,839.0,407.0
605,2018-07-19,목,2704,113,285,265,0.0,김밥,김치말이국수,떡볶이,748.0,554.0
606,2018-07-20,금,2704,273,291,49,0.0,밥,꽃게탕,돈육간장강정,489.0,394.0
607,2018-07-23,월,2704,224,223,341,0.0,밥,매운소고기국,유산슬,991.0,515.0
608,2018-07-24,화,2704,201,232,392,0.0,김치볶음밥,유부장국,탄두리치킨,886.0,526.0
609,2018-07-25,수,2704,226,256,1,0.0,,,,760.0,0.0
610,2018-07-26,목,2704,272,265,299,0.0,멸치주먹밥,우동,표고버섯탕수육,714.0,484.0
611,2018-07-27,금,2704,403,271,59,0.0,밥,차돌박이찌개,쇠고기장조림,589.0,388.0
612,2018-07-30,월,2704,487,193,401,0.0,밥,호박젓국찌개,장어강정,944.0,436.0
613,2018-07-31,화,2704,433,228,287,0.0,김밥볶음밥,꼬치어묵탕,케이준샐러드,789.0,494.0
614,2018-08-01,수,2996,489,209,0,0.0,밥,쇠고기무국,꽁치김치말이,820.0,395.0
615,2018-08-02,목,2996,548,229,209,0.0,야채주먹밥,잔치국수,훈제오리냉채,631.0,425.0
616,2018-08-03,금,2996,665,242,34,0.0,밥,콩가루배추국,언양식불고기,540.0,367.0
617,2018-08-06,월,2996,504,158,333,0.0,밥,어묵국,닭볶음탕,1092.0,522.0
618,2018-08-07,화,2996,469,206,366,0.0,목살필라프,미니우동,생선까스*탈탈소스,773.0,534.0
619,2018-08-08,수,2996,470,235,0,0.0,밥,육개장,고추잡채*꽃빵,896.0,421.0
620,2018-08-09,목,2996,491,227,271,0.0,밥,옛날돈까스,미소장국,821.0,509.0
621,2018-08-10,금,2996,562,254,30,0.0,밥,시래기국,돈삼겹보쌈,548.0,467.0
622,2018-08-13,월,2996,575,184,297,0.0,밥,콩나물국,닭데리야끼구이,930.0,465.0
623,2018-08-14,화,2996,551,217,153,0.0,곤드레밥*강된장,맑은국,후르츠탕수육,772.0,393.0
624,2018-08-16,목,2996,481,228,228,0.0,충무김밥,콩국수,오징어초무침,789.0,488.0
625,2018-08-17,금,2996,530,245,30,0.0,밥,부대찌개,등갈비바베큐조림,646.0,482.0
626,2018-08-20,월,2996,204,206,475,0.0,밥,호박새우젓국,매운닭찜,1199.0,563.0
627,2018-08-21,화,2996,168,237,355,0.0,투움바스파게티,가쯔오국,함박스테이크,972.0,629.0
628,2018-08-22,수,2996,147,238,0,0.0,밥,시래기국,양념갈비찜,1000.0,536.0
629,2018-08-23,목,2996,132,263,289,0.0,멸치주먹밥,나가사끼짬뽕,새우또띠아,835.0,577.0
630,2018-08-24,금,2996,219,284,46,0.0,밥,어묵국,오징어볶음,678.0,529.0
631,2018-08-27,월,2996,138,226,492,0.0,밥,차돌박이찌개,코다리조림,1221.0,560.0
632,2018-08-28,화,2996,104,243,376,0.0,볶음밥*짜장소스,맑은국,깐풍기,873.0,593.0
633,2018-08-29,수,2996,103,258,0,0.0,*,,,915.0,0.0
634,2018-08-30,목,2996,106,264,304,0.0,오므라이스,미역장국,모듬튀김*칠리소스,849.0,556.0
635,2018-08-31,금,2996,216,289,70,0.0,밥,황태국,유자청제육볶음,817.0,424.0
636,2018-09-03,월,2763,122,233,393,0.0,밥,돈육김치찌개,유산슬,1213.0,577.0
637,2018-09-04,화,2763,91,262,404,0.0,닭갈비볶음밥,가쯔오장국,크림카레우동,938.0,604.0
638,2018-09-05,수,2763,93,269,0,0.0,밥,육개장,고등어구이,829.0,425.0
639,2018-09-06,목,2763,106,283,280,0.0,꼬마김밥*겨자장,잔치국수,돈육강정,830.0,538.0
640,2018-09-07,금,2763,164,303,56,0.0,밥,콩비지찌개,생선까스*칠리소스,581.0,467.0
641,2018-09-10,월,2763,99,243,343,0.0,밥,청국장찌개,가자미튀김,1144.0,535.0
642,2018-09-11,화,2763,67,272,370,0.0,김밥,김치말이국수,떡볶이,960.0,570.0
643,2018-09-12,수,2763,73,300,0,0.0,밥,매운쇠고기국,유린기,805.0,435.0
644,2018-09-13,목,2763,67,306,297,0.0,밥,크림스프,수제돈까스*칠리소스,882.0,571.0
645,2018-09-14,금,2763,174,313,132,0.0,밥,도토리묵냉국,해물누룽지탕,405.0,375.0
646,2018-09-17,월,2763,91,252,465,0.0,밥,들깨버섯국,오징어볶음,1189.0,522.0
647,2018-09-18,화,2763,67,289,446,0.0,유부초밥,우동,순대야채볶음,946.0,597.0
648,2018-09-19,수,2763,77,288,0,0.0,,,,833.0,0.0
649,2018-09-20,목,2763,93,277,385,0.0,김치볶음밥/계란,유부주머니국,해물까스*탈탈소스,817.0,468.0
650,2018-09-21,금,2763,260,241,51,0.0,밥,시금치된장국,미니채소떡갈비,929.0,247.0
651,2018-10-08,월,2805,424,233,216,0.0,밥,참치김치찌개,안동찜닭,895.0,442.0
652,2018-10-10,수,2805,80,232,1044,0.0,밥,쇠고기샤브국,가자미양념찜,1319.0,751.0
653,2018-10-11,목,2805,67,240,430,0.0,김치주먹밥,우동,타코야끼,1211.0,743.0
654,2018-10-12,금,2805,192,288,28,0.0,밥,호박젓국찌개,장어강정,622.0,467.0
655,2018-10-15,월,2805,101,243,268,0.0,밥,동태찌개,쇠고기장조림,1235.0,533.0
656,2018-10-16,화,2805,63,273,315,0.0,해물굴소스볶음밥,가쯔오장국,닭오븐구이,928.0,570.0
657,2018-10-17,수,2805,68,294,0,0.0,밥,차돌박이된장찌개,꽁치구이,761.0,422.0
658,2018-10-18,목,2805,74,299,175,0.0,유부초밥,짬뽕,탕수육,857.0,532.0
659,2018-10-19,금,2805,207,303,40,0.0,밥,닭곰탕,류산슬,627.0,430.0
660,2018-10-22,월,2805,141,236,290,0.0,밥,옹심이만두국,코다리조림,1176.0,498.0
661,2018-10-23,화,2805,73,277,243,0.0,볶음밥*짜장소스,맑은국,탕수어,902.0,446.0
662,2018-10-24,수,2805,82,299,1,0.0,밥,대구찌개,언양식불고기,777.0,464.0
663,2018-10-25,목,2805,110,315,158,0.0,야채주먹밥,김치우동,깐풍기,722.0,469.0
664,2018-10-26,금,2805,263,308,25,0.0,밥,육개장,가자미카레튀김,528.0,370.0
665,2018-10-29,월,2805,155,250,316,0.0,밥,해물된장찌개,짬뽕불고기,1156.0,596.0
666,2018-10-30,화,2805,89,300,206,0.0,밥,부대찌개,갈치구이,932.0,449.0
667,2018-10-31,수,2805,111,306,0,0.0,자기계발의날,,,930.0,0.0
668,2018-11-01,목,2815,89,299,172,0.0,목살필라프,가쯔오장국,로제스파게티,703.0,483.0
669,2018-11-02,금,2815,211,299,43,0.0,밥,순두부찌개,해물누룽지탕,539.0,434.0
670,2018-11-05,월,2815,104,248,391,0.0,밥,감자국,돈육간장불고기,1088.0,542.0
671,2018-11-06,화,2815,69,269,393,0.0,참치회덮밥,미소장국,쇠고기퀘사디아,813.0,540.0
672,2018-11-07,수,2815,68,299,0,0.0,밥,된장찌개,해물청경채볶음,860.0,379.0
673,2018-11-08,목,2815,72,285,305,0.0,밥,뼈감자탕,해물까스*탈탈소스,926.0,443.0
674,2018-11-09,금,2815,185,302,38,0.0,밥,콩비지찌개,쇠고기장조림,496.0,454.0
675,2018-11-12,월,2815,123,228,401,0.0,밥,차돌박이찌개,유린기,1154.0,574.0
676,2018-11-13,화,2815,91,280,328,0.0,통새우김밥,미니짬뽕,고구마그라탕,783.0,468.0
677,2018-11-14,수,2815,89,263,0,0.0,밥,시금치된장국,매운돼지갈비찜,800.0,391.0
678,2018-11-15,목,2815,147,282,291,0.0,볶음밥*짜장소스,유부장국,닭오븐구이,747.0,540.0
679,2018-11-16,금,2815,251,295,59,0.0,밥,콩가루배추국,미트볼케찹조림,616.0,435.0
680,2018-11-19,월,2815,118,230,416,0.0,밥,닭개장,코다리양념조림,1124.0,442.0
681,2018-11-20,화,2815,70,278,344,0.0,김치볶음밥/계란,가쯔오장국,탄두리치킨,740.0,485.0
682,2018-11-21,수,2815,81,290,0,0.0,밥,열무된장국,삼겹살구이,832.0,411.0
683,2018-11-22,목,2815,80,287,325,0.0,멸치주먹밥,해물수제비,양장피잡채,718.0,436.0
684,2018-11-23,금,2815,222,305,57,0.0,밥,고추장찌개,돈육장조림,527.0,363.0
685,2018-11-26,월,2815,107,215,447,0.0,밥,부대찌개,굴비구이,1077.0,476.0
686,2018-11-27,화,2815,60,264,418,0.0,참치주먹밥,잔치국수,돈육강정,839.0,529.0
687,2018-11-28,수,2815,69,298,1,0.0,*,,,862.0,0.0
688,2018-11-29,목,2815,86,293,354,0.0,밥,연두부탕,미니함박조림,794.0,454.0
689,2018-11-30,금,2815,196,314,60,0.0,밥,어묵국,깐풍기,543.0,362.0
690,2018-12-03,월,2846,80,187,798,0.0,밥,된장찌개,돈육간장불고기,1248.0,544.0
691,2018-12-04,화,2846,64,246,802,0.0,토마토스파게티,옥수수스프,굴소스볶음밥,911.0,617.0
692,2018-12-05,수,2846,87,254,0,0.0,밥,육개장,삼치구이,885.0,414.0
693,2018-12-06,목,2846,90,266,589,0.0,빠에야,쌀국수,웨지감자,765.0,515.0
694,2018-12-07,금,2846,182,300,83,0.0,밥,쇠고기샤브국,오징어볶음,674.0,353.0
695,2018-12-10,월,2846,98,204,863,0.0,밥,순두부찌개,미트볼케찹조림,1201.0,597.0
696,2018-12-11,화,2846,69,250,716,0.0,생선초밥,우동,떡볶이,883.0,569.0
697,2018-12-12,수,2846,75,262,0,0.0,밥,오징어국,양념치킨,788.0,354.0
698,2018-12-13,목,2846,65,253,652,0.0,짜장밥,계란국,사천식탕수육,765.0,475.0
699,2018-12-14,금,2846,160,277,113,0.0,밥,김치찌개,안동찜닭,664.0,411.0
700,2018-12-17,월,2846,90,201,602,0.0,밥,된장찌개,주꾸미볶음,1170.0,421.0
701,2018-12-18,화,2846,87,243,525,0.0,충무김밥,김치말이국수,오징어초무침,813.0,432.0
702,2018-12-19,수,2846,86,256,0,0.0,밥,콩비지찌개,고등어구이,710.0,390.0
703,2018-12-20,목,2846,106,242,235,0.0,밥,옛날돈까스,크림스프,784.0,373.0
704,2018-12-21,금,2846,175,261,163,0.0,밥,쇠고기미역국,생선까스*탈탈소스,456.0,456.0
705,2018-12-24,월,2846,894,159,26,0.0,밥,민물새우찌개,닭갈비,296.0,104.0
706,2018-12-26,수,2846,184,241,0,0.0,자기계발의날,,,695.0,0.0
707,2018-12-27,목,2846,182,253,132,0.0,김밥볶음밥,짬뽕,깐풍기,517.0,251.0
708,2018-12-28,금,2846,315,264,18,0.0,밥,육개장,코다리조림,491.0,406.0
709,2018-12-31,월,2846,1085,132,28,0.0,밥,들깨시래기국,훈제오리볶음,332.0,135.0
710,2019-01-02,수,2985,108,129,0,0.0,밥,부대찌개,마늘간장치킨,1201.0,407.0
711,2019-01-03,목,2985,120,207,444,0.0,새우볶음밥,우동,깐풍육,858.0,494.0
712,2019-01-04,금,2985,218,234,65,0.0,밥,북어계란국,미트볼떡조림,668.0,482.0
713,2019-01-07,월,2985,113,211,439,0.0,밥,미역국,매운돼지갈비찜,1072.0,407.0
714,2019-01-08,화,2985,98,223,444,0.0,멸치주먹밥,잔치국수,유린기,839.0,417.0
715,2019-01-09,수,2985,85,225,0,0.0,밥,닭곰탕,오징어볶음,778.0,335.0
716,2019-01-10,목,2985,94,243,363,0.0,닭갈비볶음밥,가쯔오국,크림카레우동,767.0,475.0
717,2019-01-11,금,2985,177,251,1,0.0,밥,해물순두부찌개,닭데리야끼구이,627.0,430.0
718,2019-01-14,월,2985,99,186,487,0.0,밥,김치찌개,굴비구이,1163.0,573.0
719,2019-01-15,화,2985,71,223,417,0.0,목살필라프,팽이가쯔오장국,로제파스타,963.0,569.0
720,2019-01-16,수,2985,80,228,0,0.0,밥,된장찌개,돈육장조림,1021.0,356.0
721,2019-01-17,목,2985,71,247,326,0.0,오므라이스,미역장국,모듬튀김*칠리소스,837.0,515.0
722,2019-01-18,금,2985,196,276,1,0.0,밥,닭개장,해물청경채볶음,585.0,386.0
723,2019-01-21,월,2985,114,199,468,0.0,밥,차돌박이찌개,주꾸미볶음,1270.0,579.0
724,2019-01-22,화,2985,73,230,436,0.0,참치회덮밥,미소장국,또띠아피자,889.0,564.0
725,2019-01-23,수,2985,86,224,0,0.0,밥,아욱국,돈육강정,958.0,392.0
726,2019-01-24,목,2985,91,241,401,0.0,김치주먹밥,쌀국수,국물떡볶이,827.0,520.0
727,2019-01-25,금,2985,186,267,1,0.0,밥,콩비지찌개,닭갈비,667.0,431.0
728,2019-01-28,월,2985,94,203,426,0.0,밥,배추된장국,양념갈비찜,1140.0,511.0
729,2019-01-29,화,2985,61,219,385,0.0,김밥,나가사끼짬뽕,순대야채볶음,968.0,278.0
730,2019-01-30,수,2985,66,226,1,0.0,자기개발의날,,,679.0,0.0
731,2019-01-31,목,2985,96,218,325,0.0,밥,옛날왕돈까스,옥수수스프,765.0,524.0
732,2019-02-01,금,2806,283,180,2,0.0,밥,참치김치찌개,소고기모듬장조림,804.0,171.0
733,2019-02-07,목,2806,392,101,447,0.0,밥,연두부탕,양념치킨,1144.0,553.0
734,2019-02-08,금,2806,373,190,3,0.0,밥,쇠고기국,해물누룽지탕,970.0,532.0
735,2019-02-11,월,2806,67,159,758,0.0,밥,된장찌개,닭볶음탕,1459.0,772.0
736,2019-02-12,화,2806,51,240,648,0.0,볶음밥*짜장소스,가쯔오장국,사천식탕수육,1102.0,649.0
737,2019-02-13,수,2806,61,231,0,0.0,밥,근대국,돈육간장볶음,1044.0,497.0
738,2019-02-14,목,2806,73,239,605,0.0,참치주먹밥,우동,케이준샐러드,963.0,578.0
739,2019-02-15,금,2806,159,278,1,0.0,밥,육개장,탕수어,682.0,450.0
740,2019-02-18,월,2806,104,195,728,0.0,밥,얼갈이국,돈육굴소스볶음,1314.0,678.0
741,2019-02-19,화,2806,62,228,663,0.0,김치볶음밥/계란,가쯔오장국,탄두리치킨,1052.0,653.0
742,2019-02-20,수,2806,65,241,0,0.0,밥,매운버섯국,가자미튀김,1005.0,472.0
743,2019-02-21,목,2806,81,269,540,0.0,목살필라프,미니잔치국수,생선까스*칠리소스,955.0,620.0
744,2019-02-22,금,2806,178,301,1,0.0,밥,오징어국,닭갈비,631.0,478.0
745,2019-02-25,월,2806,122,214,752,0.0,밥,콩나물국,류산슬,1299.0,645.0
746,2019-02-26,화,2806,109,239,644,0.0,유부초밥,짬뽕,깐풍기,924.0,566.0
747,2019-02-27,수,2806,100,274,0,0.0,*,자기계발의날,*,944.0,0.0
748,2019-02-28,목,2806,254,271,116,0.0,밥,소고기무국,주꾸미볶음,772.0,464.0
749,2019-03-04,월,2836,213,172,708,0.0,밥,김치순두부찌개,소고기장조림,1274.0,658.0
750,2019-03-05,화,2836,67,230,736,0.0,김밥,미니우동,떡볶이,940.0,646.0
751,2019-03-06,수,2836,56,238,0,0.0,밥,쇠고기샤브국,오징어볶음,1061.0,443.0
752,2019-03-07,목,2836,45,265,589,0.0,볶음밥,단호박스프,로제스파게티,845.0,637.0
753,2019-03-08,금,2836,130,300,4,0.0,밥,시금치국,수원왕갈비통닭,663.0,542.0
754,2019-03-11,월,2836,81,205,690,0.0,밥,된장찌개,유자청제육볶음,1277.0,707.0
755,2019-03-12,화,2836,59,244,642,0.0,오므라이스,미소장국,모듬튀김*칠리소스,956.0,653.0
756,2019-03-13,수,2836,61,244,0,0.0,밥,수제비국,순살파닭,953.0,442.0
757,2019-03-14,목,2836,62,286,417,0.0,밥,양송이스프,딸기드레싱샐러드,791.0,530.0
758,2019-03-15,금,2836,174,304,4,0.0,밥,달래된장국,레몬탕수육,630.0,466.0
759,2019-03-18,월,2836,107,217,607,0.0,밥,배추된장국,닭갈비,1261.0,619.0
760,2019-03-19,화,2836,72,248,553,0.0,꼬마김밥*겨자장,김치우동,해물까스/케찹,990.0,627.0
761,2019-03-20,수,2836,77,261,0,0.0,밥,닭개장,고등어구이,970.0,412.0
762,2019-03-21,목,2836,81,260,457,0.0,빠에야,쌀국수,수제고로케,1214.0,470.0
763,2019-03-22,금,2836,168,295,3,0.0,밥,참치김치찌개,언양식불고기,567.0,466.0
764,2019-03-25,월,2836,111,232,585,0.0,밥,시래기국,삼겹살구이,1150.0,555.0
765,2019-03-26,화,2836,83,252,525,0.0,잡채밥&짜장소스,맑은국,간장치킨,919.0,541.0
766,2019-03-27,수,2836,92,259,0,0.0,*,자기개발의날,*,856.0,0.0
767,2019-03-28,목,2836,84,282,522,0.0,충무김밥,우동,오징어초무침,810.0,597.0
768,2019-03-29,금,2836,239,301,1,0.0,밥,쇠고기샤브국,깐풍기,481.0,402.0
769,2019-04-01,월,2822,126,197,611,0.0,밥,감자국,새송이너비아니구이,1029.0,577.0
770,2019-04-02,화,2822,67,253,514,0.0,목살필라프,꼬지어묵국,탕수육,855.0,491.0
771,2019-04-03,수,2822,59,283,0,0.0,밥,부대찌개,돈육장조림,790.0,411.0
772,2019-04-04,목,2822,60,288,429,0.0,밥,뼈감자탕,해물까스*와사비소스,745.0,462.0
773,2019-04-05,금,2822,185,303,1,0.0,밥,청국장찌개,류산슬,575.0,436.0
774,2019-04-08,월,2822,104,222,592,0.0,밥,김치두부국,닭갈비,1105.0,607.0
775,2019-04-09,화,2822,69,239,578,0.0,참치회덮밥,미소장국,또띠아피자,876.0,590.0
776,2019-04-10,수,2822,64,245,0,0.0,밥,육개장,꽁치구이*와사비장,789.0,350.0
777,2019-04-11,목,2822,52,248,434,0.0,베이컨김치볶음밥,새우튀김우동,찐만두,845.0,524.0
778,2019-04-12,금,2822,155,288,0,0.0,밥,배추된장국,돈육강정,553.0,435.0
779,2019-04-15,월,2822,113,178,609,0.0,밥,차돌박이찌개,가자미카레튀김,1184.0,647.0
780,2019-04-16,화,2822,54,234,552,0.0,토마토스파게티,크림스프,미니햄버거,905.0,607.0
781,2019-04-17,수,2822,57,263,0,0.0,밥,콩비지찌개,간장마늘치킨,910.0,472.0
782,2019-04-18,목,2822,76,281,458,0.0,김밥볶음밥,짬뽕,크림새우,767.0,528.0
783,2019-04-19,금,2822,230,294,1,0.0,밥,고추장찌개,돈육굴소스볶음,683.0,412.0
784,2019-04-22,월,2822,109,253,533,0.0,밥,콩가루배추국,닭데리야끼조림,1094.0,494.0
785,2019-04-23,화,2822,60,272,576,0.0,밥,수제비국,고등어구이,886.0,567.0
786,2019-04-24,수,2822,59,273,0,0.0,*,자기계발의날,*,1034.0,0.0
787,2019-04-25,목,2822,85,294,452,0.0,파인애플볶음밥,유부주머니국,새우까스*와사비소스,702.0,500.0
788,2019-04-26,금,2822,215,297,0,0.0,밥,시금치국,유린기,572.0,392.0
789,2019-04-29,월,2822,152,252,544,0.0,밥,매운소고기무국,삼치구이,1207.0,564.0
790,2019-04-30,화,2822,152,298,290,0.0,김밥,잔치국수,야채튀김,714.0,430.0
791,2019-05-02,목,2825,247,303,384,0.0,삼겹살볶음밥,미소장국,볶음우동,758.0,423.0
792,2019-05-03,금,2825,348,276,1,0.0,밥,황태국,돈육피망볶음,654.0,420.0
793,2019-05-07,화,2825,135,271,606,0.0,밥,콩나물국,닭갈비,1221.0,590.0
794,2019-05-08,수,2825,81,296,0,0.0,밥,육개장,굴비구이,881.0,423.0
795,2019-05-09,목,2825,92,286,538,0.0,잡채밥/짜장소스,맑은국,소고기퀘사디아,958.0,531.0
796,2019-05-10,금,2825,166,302,0,0.0,밥,열무된장국,레몬탕수육,607.0,438.0
797,2019-05-13,월,2825,119,231,599,0.0,밥,부대찌개,고등어자반찜,1111.0,507.0
798,2019-05-14,화,2825,76,256,601,0.0,멸치주먹밥,김치우동,고구마치즈구이,907.0,587.0
799,2019-05-15,수,2825,69,284,0,0.0,밥,시래기국,버섯불고기,888.0,368.0
800,2019-05-16,목,2825,72,283,482,0.0,닭갈비볶음밥,쌀국수,해물까스*와사비소스,790.0,521.0
801,2019-05-17,금,2825,224,291,1,0.0,밥,닭개장,미니함박조림,408.0,362.0
802,2019-05-20,월,2825,100,223,602,0.0,밥,떡국,고추잡채*꽃빵,1174.0,516.0
803,2019-05-21,화,2825,64,279,563,0.0,충무김밥,미니국수,오징어초무침,844.0,567.0
804,2019-05-22,수,2825,60,272,0,0.0,밥,버섯들깨탕,과일탕수육,831.0,405.0
805,2019-05-23,목,2825,61,302,447,0.0,해물굴소스볶음밥,스프,토마토스파게티,658.0,509.0
806,2019-05-24,금,2825,193,307,0,0.0,밥,고추장찌개,두부커틀릿,508.0,328.0
807,2019-05-27,월,2825,86,212,644,0.0,밥,두부김치국,소고기장조림,1219.0,550.0
808,2019-05-28,화,2825,54,229,632,0.0,유부초밥,가쯔오장국,야채쫄면,931.0,590.0
809,2019-05-29,수,2825,50,237,0,0.0,*,자기개발의날,*,896.0,0.0
810,2019-05-30,목,2825,73,258,517,0.0,쇠고기숙주규동덮밥,미소장국,파스타샐러드,836.0,527.0
811,2019-05-31,금,2825,179,291,0,0.0,밥,무청된장국,닭갈비,640.0,378.0
812,2019-06-03,월,2758,87,225,702,0.0,밥,순두부찌개,삼치튀김*데리소스,1221.0,572.0
813,2019-06-04,화,2758,65,251,592,0.0,참치주먹밥,우동,닭오븐구이,962.0,486.0
814,2019-06-05,수,2758,144,247,0,0.0,밥,된장찌개,동파삼겹수육,761.0,502.0
815,2019-06-07,금,2758,890,219,3,0.0,밥,두부김치국,닭강정,389.0,244.0
816,2019-06-10,월,2758,114,236,673,0.0,밥,얼갈이된장국,삼겹살구이,1232.0,568.0
817,2019-06-11,화,2758,55,267,624,0.0,김밥볶음밥,초계국수,떡볶이,804.0,555.0
818,2019-06-12,수,2758,60,278,0,0.0,밥,매운버섯국,갈치구이,876.0,359.0
819,2019-06-13,목,2758,65,288,507,0.0,오므라이스,가쯔오장국,훈제오리냉채,679.0,520.0
820,2019-06-14,금,2758,193,295,4,0.0,밥,동태탕,미트볼케찹조림,538.0,373.0
821,2019-06-17,월,2758,95,240,640,0.0,밥,콩나물김치국,류산슬,1099.0,534.0
822,2019-06-18,화,2758,65,264,558,0.0,베이컨볶음밥,유부장국,토마토스파게티,853.0,491.0
823,2019-06-19,수,2758,78,260,0,0.0,밥,된장찌개,닭갈비,882.0,420.0
824,2019-06-20,목,2758,90,291,444,0.0,밥,뼈감자탕,유린기,625.0,419.0
825,2019-06-21,금,2758,188,294,0,0.0,밥,쇠고기샤브국,미니야채떡갈비,505.0,381.0
826,2019-06-24,월,2758,101,213,692,0.0,밥,소고기매운무국,오징어굴소스볶음,1105.0,540.0
827,2019-06-25,화,2758,67,265,573,0.0,중국식볶음밥,짬뽕,고추잡채*꽃빵,775.0,472.0
828,2019-06-26,수,2758,69,282,0,0.0,*,자기개발의날,*,946.0,0.0
829,2019-06-27,목,2758,85,280,478,0.0,빠에야,올챙이만두국,소고기퀘사디아,808.0,501.0
830,2019-06-28,금,2758,229,288,2,0.0,밥,아욱국,돈육강정,535.0,373.0
831,2019-07-01,월,2760,115,218,512,0.0,밥,차돌된장찌개,고등어구이,1175.0,512.0
832,2019-07-02,화,2760,87,237,490,0.0,꼬마김밥*겨자장,우동,생선까스*탈탈소스,787.0,504.0
833,2019-07-03,수,2760,82,265,0,0.0,밥,근대국,돈육간장볶음,910.0,324.0
834,2019-07-04,목,2760,95,309,434,0.0,베이컨김치볶음밥,냉모밀국수,해물부추전,699.0,565.0
835,2019-07-05,금,2760,210,289,0,0.0,밥,배추된장국,레몬탕수육,546.0,371.0
836,2019-07-08,월,2760,155,277,536,0.0,밥,콩나물국,해물누룽지탕,985.0,465.0
837,2019-07-09,화,2760,75,275,466,0.0,멸치주먹밥,잔치국수,케이준샐러드,861.0,472.0
838,2019-07-10,수,2760,123,286,0,0.0,밥,육개장,가자미튀김,862.0,326.0
839,2019-07-11,목,2760,102,301,371,0.0,밥,들깨미역국,언양식불고기,730.0,475.0
840,2019-07-12,금,2760,244,306,0,0.0,밥,된장찌개,소고기장조림,856.0,385.0
841,2019-07-15,월,2760,144,232,396,0.0,밥,시래기들개탕,오징어볶음*소면,1127.0,453.0
842,2019-07-16,화,2760,100,227,426,0.0,유부초밥,콩국수,떡볶이,952.0,477.0
843,2019-07-17,수,2760,96,259,0,0.0,밥,두부김치국,돼지고기장조림,814.0,274.0
844,2019-07-18,목,2760,113,274,310,0.0,밥,브로컬리크림스프,옛날왕돈가스,734.0,455.0
845,2019-07-19,금,2760,236,291,0,0.0,밥,꽃게탕,안동찜닭,538.0,367.0
846,2019-07-22,월,2760,223,218,438,0.0,밥,얼갈이국,오리불고기,1013.0,503.0
847,2019-07-23,화,2760,206,246,449,0.0,김밥,맑은국,해물볶음우동,855.0,516.0
848,2019-07-24,수,2760,224,252,0,0.0,밥,된장찌개,대패삼겹*파채,744.0,322.0
849,2019-07-25,목,2760,276,279,347,0.0,파인애플볶음밥,유부주머니국,사천식탕수육,668.0,370.0
850,2019-07-26,금,2760,396,280,1,0.0,밥,맑은연두부탕,돈육매콤조림,462.0,336.0
851,2019-07-29,월,2760,475,183,424,0.0,밥,무채국,버섯불고기,898.0,431.0
852,2019-07-30,화,2760,434,213,382,0.0,김치볶음밥,유부장국,탄두리치킨,745.0,457.0
853,2019-07-31,수,2760,495,231,0,0.0,자기계발의날,,,619.0,0.0
854,2019-08-01,목,3305,546,219,285,0.0,참치주먹밥,열무물국수,돈육강정,648.0,463.0
855,2019-08-02,금,3305,687,237,2,0.0,밥,매운버섯국,고등어구이,440.0,274.0
856,2019-08-05,월,3305,462,183,392,0.0,밥,육개장,꽁치오븐구이,936.0,445.0
857,2019-08-06,화,3305,427,203,392,0.0,해물굴소스볶음밥,미소장국,로제파스타,798.0,513.0
858,2019-08-07,수,3305,421,233,1,0.0,밥,콩가루배추국,돈육장조림,841.0,304.0
859,2019-08-08,목,3305,430,254,364,0.0,야채볶음밥,김치말이국수,닭오븐구이,781.0,482.0
860,2019-08-09,금,3305,496,261,3,0.0,밥,얼갈이국,등뼈김치찜,641.0,401.0
861,2019-08-12,월,3305,394,208,424,0.0,밥,북어해장국,양념치킨,1073.0,527.0
862,2019-08-13,화,3305,345,254,411,0.0,제육김치덮밥,유부장국,까르보나라떡볶이,813.0,519.0
863,2019-08-14,수,3305,430,246,2,0.0,밥,사과오이냉국,오징어볶음*소면,713.0,421.0
864,2019-08-16,금,3305,1026,208,7,0.0,밥,해물짬뽕국,돈육굴소스볶음,466.0,313.0
865,2019-08-19,월,3305,264,212,569,0.0,밥,콩나물김치국,안동찜닭,1249.0,530.0
866,2019-08-20,화,3305,205,255,534,0.0,유부초밥,냉모밀국수,해물까스*칠리소스,955.0,534.0
867,2019-08-21,수,3305,214,265,0,0.0,밥,북어해장국,소고기낙지볶음,923.0,423.0
868,2019-08-22,목,3305,178,275,468,0.0,목살필라프,꼬지어묵국,탕수육,880.0,514.0
869,2019-08-23,금,3305,268,295,2,0.0,밥,건새우아욱된장국,동파삼겹수육,599.0,393.0
870,2019-08-26,월,3305,162,230,596,0.0,밥,매운버섯국,돈육간장볶음,1221.0,547.0
871,2019-08-27,화,3305,118,266,550,0.0,베이컨김치볶음밥,새우튀김우동,찹쌀순대볶음,921.0,516.0
872,2019-08-28,수,3305,123,274,0,0.0,*,,,899.0,0.0
873,2019-08-29,목,3305,132,289,435,0.0,오므라이스,가쯔오장국,소고기퀘사디아,845.0,550.0
874,2019-08-30,금,3305,253,305,1,0.0,밥,들깨버섯국,마늘치킨,575.0,385.0
875,2019-09-02,월,3111,137,213,564,0.0,밥,콩나물국,파닭,1363.0,609.0
876,2019-09-03,화,3111,103,254,460,0.0,빠에야,쌀국수,치킨샐러드,944.0,573.0
877,2019-09-04,수,3111,102,270,0,0.0,밥,참치김치찌개,돈육강정,769.0,412.0
878,2019-09-05,목,3111,118,292,391,0.0,김밥,김치어묵국,야채튀김,778.0,557.0
879,2019-09-06,금,3111,214,301,0,0.0,밥,고추장찌개,소고기숙주볶음,687.0,349.0
880,2019-09-09,월,3111,148,217,523,0.0,밥,황태해장국,닭갈비,1228.0,612.0
881,2019-09-10,화,3111,142,238,401,0.0,김치필라프,크림스프,토마토스파게티,812.0,541.0
882,2019-09-11,수,3111,426,135,0,0.0,밥,해물된장찌개,고추잡채*꽃빵,916.0,123.0
883,2019-09-16,월,3111,259,180,631,0.0,밥,참치김치찌개,치즈함박스테이크,1283.0,687.0
884,2019-09-17,화,3111,75,241,606,0.0,참치덮밥,미소장국,또띠아피자,1010.0,640.0
885,2019-09-18,수,3111,71,250,0,0.0,밥,수제비국,쇠고기숙주볶음,1006.0,418.0
886,2019-09-19,목,3111,80,290,441,0.0,밥,설렁탕,김치전,701.0,480.0
887,2019-09-20,금,3111,182,302,2,0.0,밥,얼큰소고기무국,안동찜닭,662.0,415.0
888,2019-09-23,월,3111,114,214,569,0.0,밥,육개장,고등어구이,1239.0,595.0
889,2019-09-24,화,3111,71,265,631,0.0,밥,무채국,닭볶음탕,899.0,570.0
890,2019-09-25,수,3111,60,285,1,0.0,*,,,803.0,0.0
891,2019-09-26,목,3111,75,312,542,0.0,볶음밥/짜장소스,계란국,깐풍기,620.0,474.0
892,2019-09-27,금,3111,177,309,2,0.0,밥,아욱국,돈육간장볶음,722.0,368.0
893,2019-09-30,월,3111,283,231,366,0.0,밥,버섯들깨탕,오징어볶음,1030.0,516.0
894,2019-10-02,수,3121,244,217,310,0.0,밥,열무된장국,쇠고기장조림,1241.0,743.0
895,2019-10-04,금,3121,268,231,428,0.0,밥,순두부찌개,함박스테이크,1215.0,755.0
896,2019-10-07,월,3121,193,215,447,0.0,밥,닭개장,갈치구이,1133.0,492.0
897,2019-10-08,화,3121,214,262,247,0.0,김치볶음밥,새우튀김우동,고구마치즈구이,883.0,521.0
898,2019-10-10,목,3121,284,269,398,0.0,참치주먹밥,잔치국수,쇠고기퀘사디아,862.0,546.0
899,2019-10-11,금,3121,389,285,3,0.0,밥,쇠고기샤브국,탕수어,566.0,312.0
900,2019-10-14,월,3121,152,237,529,0.0,밥,참치김치찌개,주꾸미볶음,1140.0,601.0
901,2019-10-15,화,3121,112,260,534,0.0,야채볶음밥,유부주머니국,통새우또띠아,867.0,550.0
902,2019-10-16,수,3121,116,278,1,0.0,밥,된장찌개,꽁치구이,765.0,334.0
903,2019-10-17,목,3121,144,301,364,0.0,밥,떡만두국,닭매운찜,708.0,479.0
904,2019-10-18,금,3121,332,300,2,0.0,밥,부대찌개,후르츠탕수육,581.0,345.0
905,2019-10-21,월,3121,168,227,709,0.0,밥,어묵국,언양식불고기,1107.0,561.0
906,2019-10-22,화,3121,99,378,381,0.0,김밥,잔치국수,떡볶이,1090.0,446.0
907,2019-10-23,수,3121,89,286,2,0.0,밥,열무된장국,소고기버섯볶음,785.0,419.0
908,2019-10-24,목,3121,129,313,410,0.0,해물굴소스볶음밥,맑은국,돈육간장강정,705.0,409.0
909,2019-10-25,금,3121,316,323,1,0.0,밥,차돌박이찌개,류산슬,546.0,304.0
910,2019-10-28,월,3121,219,267,464,0.0,밥,짬뽕국,가자미카레튀김,915.0,436.0
911,2019-10-29,화,3121,112,293,477,0.0,오므라이스,미니우동,닭오븐구이,808.0,517.0
912,2019-10-30,수,3121,122,294,1,0.0,*,,,771.0,0.0
913,2019-10-31,목,3121,130,312,430,0.0,참치회덮밥,미소장국,또띠아피자,671.0,475.0
914,2019-11-01,금,3104,248,327,1,0.0,밥,떡국,돈육장조림,586.0,317.0
915,2019-11-04,월,3104,155,239,538,0.0,밥,열무된장국,함박스테이크,1058.0,552.0
916,2019-11-05,화,3104,86,289,541,0.0,멸치주먹밥,해물수제비,야채튀김,773.0,475.0
917,2019-11-06,수,3104,119,295,0,0.0,밥,닭개장,황태양념구이,773.0,321.0
918,2019-11-07,목,3104,133,302,424,0.0,목살필라프,계란국,로제파스타,700.0,460.0
919,2019-11-08,금,3104,271,309,1,0.0,밥,들깨시래기국,대패삼겹*파채,535.0,321.0
920,2019-11-11,월,3104,150,236,568,0.0,밥,얼갈이국,훈제오리불고기,1079.0,489.0
921,2019-11-12,화,3104,106,272,481,0.0,유부초밥,쌀국수,쇠고기퀘사디아,769.0,456.0
922,2019-11-13,수,3104,136,290,0,0.0,밥,해물순두부찌개,등갈비바베큐조림,733.0,328.0
923,2019-11-14,목,3104,188,286,453,0.0,밥,설렁탕,부추전,677.0,466.0
924,2019-11-15,금,3104,365,303,1,0.0,밥,부대찌개,소불고기,543.0,342.0
925,2019-11-18,월,3104,183,230,672,0.0,밥,열무된장국,짬뽕불고기,1032.0,527.0
926,2019-11-19,화,3104,139,285,562,0.0,통새우김밥,우동,찹쌀순대볶음,762.0,529.0
927,2019-11-20,수,3104,174,288,0,0.0,밥,얼갈이된장국,삼겹살구이,759.0,386.0
928,2019-11-21,목,3104,188,304,480,0.0,밥,뼈감자탕,유린기,613.0,442.0
929,2019-11-22,금,3104,329,310,1,0.0,밥,쇠고기샤브국,미트볼조림,551.0,313.0
930,2019-11-25,월,3104,170,235,733,0.0,밥,미역국,삼겹보쌈,1097.0,609.0
931,2019-11-26,화,3104,129,270,634,0.0,닭갈비볶음밥,가쯔오장국,크림카레우동,816.0,511.0
932,2019-11-27,수,3104,134,288,1,0.0,*,,,732.0,0.0
933,2019-11-28,목,3104,167,297,558,0.0,참치주먹밥,잔치국수,오징어튀김,644.0,460.0
934,2019-11-29,금,3104,282,326,1,0.0,밥,소고기무국,굴비구이,572.0,256.0
935,2019-12-02,월,3111,169,201,748,0.0,밥,옹심이만두국,오징어볶음,1140.0,580.0
936,2019-12-03,화,3111,115,247,789,0.0,짜장면/작은밥,계란국,미니햄버거,873.0,566.0
937,2019-12-04,수,3111,118,257,1,0.0,밥,매운버섯국,돈육강정,879.0,329.0
938,2019-12-05,목,3111,145,280,549,0.0,꼬마김밥*겨자장,우동,케이준샐러드,779.0,483.0
939,2019-12-06,금,3111,312,299,5,0.0,밥,연두부탕,함박스테이크,631.0,315.0
940,2019-12-09,월,3111,190,192,819,0.0,밥,감자국,닭데리야끼조림,1120.0,521.0
941,2019-12-10,화,3111,155,248,800,0.0,참치마요덮밥,꼬지어묵탕,해물떡볶이,742.0,519.0
942,2019-12-11,수,3111,168,265,0,0.0,밥,북어계란국,버섯불고기,858.0,327.0
943,2019-12-12,목,3111,190,257,586,0.0,새우볶음밥,맑은국,깐풍육,731.0,411.0
944,2019-12-13,금,3111,266,310,2,0.0,밥,고추장찌개,미니떡갈비조림,639.0,380.0
945,2019-12-16,월,3111,206,211,709,0.0,밥,황태국,양념치킨,1103.0,464.0
946,2019-12-17,화,3111,155,267,613,0.0,야채주먹밥,잔치국수,복주머니딤섬*장,739.0,472.0
947,2019-12-18,수,3111,169,283,3,0.0,밥,김치국,돈육간장볶음,683.0,278.0
948,2019-12-19,목,3111,165,270,591,0.0,밥,설렁탕,해물전,862.0,321.0
949,2019-12-20,금,3111,337,261,4,0.0,밥,부대찌개,오징어볶음*소면,481.0,353.0
950,2019-12-23,월,3111,343,228,131,0.0,밥,닭개장,주꾸미볶음,741.0,124.0
951,2019-12-24,화,3111,478,216,52,0.0,굴소스볶음밥,토마토스파게티,크림스프,462.0,221.0
952,2019-12-26,목,3111,538,249,151,0.0,빠에야,쌀국수,새우또띠아,594.0,203.0
953,2019-12-27,금,3111,706,236,1,0.0,밥,매운버섯국,굴비구이,387.0,226.0
954,2019-12-30,월,3111,563,192,98,0.0,밥,소고기무국,고등어구이,652.0,132.0
955,2019-12-31,화,3111,709,149,22,0.0,*,,,349.0,0.0
956,2020-01-02,목,2821,255,133,338,0.0,카레라이스,오복지무침,포기김치,985.0,362.0
957,2020-01-03,금,2821,321,186,3,0.0,밥,수제비국,돈육장조림,635.0,344.0
958,2020-01-06,월,2821,119,203,424,5.0,밥,열무된장국,해물누룽지탕,1133.0,389.0
959,2020-01-07,화,2821,95,204,448,7.0,참치주먹밥,우동,새우까스*칠리소스,904.0,490.0
960,2020-01-08,수,2821,117,222,7,5.0,밥,소고기무국,주꾸미볶음,740.0,321.0
961,2020-01-09,목,2821,124,241,426,7.0,작은밥,옛날돈가스,양송이스프,773.0,474.0
962,2020-01-10,금,2821,264,262,0,3.0,밥,청국장찌개,소고기장조림,573.0,320.0
963,2020-01-13,월,2821,141,218,526,0.0,밥,돈육김치찌개,소고기숙주볶음,945.0,454.0
964,2020-01-14,화,2821,96,236,388,0.0,유부초밥,쌀국수,떡볶이,820.0,272.0
965,2020-01-15,수,2821,97,235,4,0.0,밥,시금치국,돈육고추장볶음,633.0,350.0
966,2020-01-16,목,2821,92,244,390,0.0,쇠고기볶음밥,팽이장국,탕수육,761.0,457.0
967,2020-01-17,금,2821,242,269,0,0.0,밥,짬뽕국,미니떡갈비조림,696.0,344.0
968,2020-01-20,월,2821,132,199,488,0.0,밥,만두국,간장불고기,1075.0,439.0
969,2020-01-21,화,2821,96,237,491,0.0,스팸주먹밥,해물칼국수,감자만두,868.0,478.0
970,2020-01-22,수,2821,130,232,5,0.0,밥,된장찌개,주꾸미삼겹살볶음,782.0,354.0
971,2020-01-23,목,2821,481,141,38,0.0,밥,뼈감자탕,해물파전,685.0,117.0
972,2020-01-28,화,2821,284,143,670,0.0,오므라이스,미소장국,깐풍육,1042.0,639.0
973,2020-01-29,수,2821,101,214,4,0.0,자기개발의날,,,1197.0,0.0
974,2020-01-30,목,2821,76,261,482,0.0,참치회덮밥,우동,수제고로케,736.0,497.0
975,2020-01-31,금,2821,183,265,0,0.0,밥,매운콩나물국,돈육장조림,623.0,368.0
976,2020-02-03,월,2872,101,208,537,1.0,밥,시래기국,유린기,1081.0,495.0
977,2020-02-04,화,2872,72,222,471,0.0,멸치주먹밥,잔치국수,해물까스,849.0,304.0
978,2020-02-05,수,2872,62,215,4,0.0,밥,닭곰탕,오징어볶음,660.0,276.0
979,2020-02-06,목,2872,90,233,426,0.0,카레덮밥,맑은국,쫄면야채무침,637.0,369.0
980,2020-02-07,금,2872,140,247,2,0.0,밥,콩나물국,제육볶음,539.0,326.0
981,2020-02-10,월,2872,65,136,617,0.0,밥,들깨버섯탕,고추잡채&꽃빵,1233.0,633.0
982,2020-02-11,화,2872,52,198,748,0.0,짜장잡채덮밥,계란파국,참치야채전,1075.0,668.0
983,2020-02-12,수,2872,65,210,5,0.0,밥,육개장,류산슬,1173.0,411.0
984,2020-02-13,목,2872,71,249,620,0.0,밥,설렁탕,부추전,834.0,575.0
985,2020-02-14,금,2872,160,273,0,0.0,밥,김치찌개,수제돈가스&소스,776.0,436.0
986,2020-02-17,월,2872,74,196,722,0.0,밥,대구탕,안동찜닭,1370.0,649.0
987,2020-02-18,화,2872,47,239,666,0.0,통새우김밥,우동,계란떡볶이,939.0,630.0
988,2020-02-19,수,2872,62,224,1,0.0,밥,순두부찌개,해물누룽지탕,930.0,434.0
989,2020-02-20,목,2872,78,254,549,0.0,파인애플볶음밥,맑은국,새우까스*와사비소스,826.0,542.0
990,2020-02-21,금,2872,181,277,0,0.0,밥,닭개장,고등어구이,627.0,380.0
991,2020-02-24,월,2872,144,156,846,0.0,밥,소고기무국,가자미카레튀김,1282.0,767.0
992,2020-02-25,화,2872,117,158,806,0.0,야채볶음밥,김치말이국수,소고기퀘사디아,1238.0,776.0
993,2020-02-26,수,2872,109,190,4,0.0,자기개발의날,,,1105.0,0.0
994,2020-02-27,목,2872,121,217,667,5.0,짜장면/작은밥,계란국,사천식탕수육,1000.0,673.0
995,2020-02-28,금,2872,210,234,0,7.0,밥,콩나물국,돼지갈비찜,750.0,414.0
996,2020-03-02,월,2950,108,133,786,14.0,밥,쑥된장국,삼겹살구이,1362.0,771.0
997,2020-03-03,화,2950,76,185,753,12.0,김치볶음밥,유부장국,로제스파게티,1074.0,598.0
998,2020-03-04,수,2950,74,205,1,19.0,밥,해물된장찌개,미니채소떡갈비,999.0,462.0
999,2020-03-05,목,2950,84,232,612,15.0,유부초밥,칼국수,순대야채볶음,989.0,630.0
1000,2020-03-06,금,2950,166,251,0,12.0,밥,나가사키짬뽕국,모듬버섯탕수육,642.0,379.0
1001,2020-03-09,월,2950,91,129,784,16.0,밥,콩가루배추국,동파육,1276.0,640.0
1002,2020-03-10,화,2950,67,168,678,20.0,유산슬덮밥,계란파국,멘보샤*칠리S,1019.0,575.0
1003,2020-03-11,수,2950,74,197,0,23.0,밥,부대찌개,등갈비오븐구이,967.0,487.0
1004,2020-03-12,목,2950,78,243,555,17.0,버섯영양밥*우렁양념장,물만두국,메추리알치즈떡볶이,804.0,614.0
1005,2020-03-13,금,2950,165,259,0,20.0,밥,청국장찌개,닭불고기,593.0,343.0
1006,2020-03-16,월,2950,69,138,789,21.0,밥,열무된장국,묵은지닭찜,1284.0,630.0
1007,2020-03-17,화,2950,61,171,679,20.0,밥,해물손수제비,미트볼피망볶음,914.0,520.0
1008,2020-03-18,수,2950,47,210,0,25.0,밥,돈육김치찌개,코다리강정,831.0,383.0
1009,2020-03-19,목,2950,70,235,560,19.0,밥,옛날돈까스,팽이장국,829.0,541.0
1010,2020-03-20,금,2950,176,263,3,135.0,밥,건새우아욱국,치즈함박스테이크,627.0,358.0
1011,2020-03-23,월,2950,109,178,687,285.0,밥,닭개장,삼치튀김*데리야끼,1110.0,651.0
1012,2020-03-24,화,2950,131,137,639,303.0,오므라이스,가쯔오장국,돈육고구마강정,1083.0,754.0
1013,2020-03-25,수,2950,122,146,1,303.0,밥,장각닭죽,생야채*쌈짱,1022.0,526.0
1014,2020-03-26,목,2950,133,133,584,288.0,멸치주먹밥,우동,해물까스*와사비소스,955.0,645.0
1015,2020-03-27,금,2950,254,156,0,260.0,밥,시금치국,언양식불고기,839.0,377.0
1016,2020-03-30,월,2950,230,53,627,488.0,밥,무채국,더덕고추장불고기,1000.0,625.0
1017,2020-03-31,화,2950,193,43,528,533.0,충무김밥,메밀국수,오징어어묵무침,859.0,601.0
1018,2020-04-01,수,2962,228,56,0,420.0,밥,쇠고기샤브국,통마늘너비아니조림,939.0,561.0
1019,2020-04-02,목,2962,236,89,490,395.0,마늘베이컨볶음밥,크림스프,비프스파게티,1009.0,645.0
1020,2020-04-03,금,2962,350,149,1,340.0,밥,참치김치찌개,소고기메추리알장조림,802.0,318.0
1021,2020-04-06,월,2962,206,152,713,477.0,밥,배추된장국,칠리미트볼조림,1161.0,655.0
1022,2020-04-07,화,2962,164,156,698,490.0,참치마요덮밥,어묵국,고구마떡볶이,969.0,634.0
1023,2020-04-08,수,2962,159,172,1,479.0,밥,부대찌개&쫄면사리,꽁치한마리구이,1032.0,445.0
1024,2020-04-09,목,2962,154,186,544,488.0,스팸볶음밥,가쓰오장국,삼겹살야채비빔면,880.0,458.0
1025,2020-04-10,금,2962,316,209,0,417.0,밥,된장찌개,매운돼지갈비찜,780.0,302.0
1026,2020-04-13,월,2962,165,146,619,447.0,밥,순두부찌개,돈육두릅장조림,1145.0,564.0
1027,2020-04-14,화,2962,200,176,274,485.0,작은밥,백종원의,고추짜장,879.0,453.0
1028,2020-04-16,목,2962,265,182,498,447.0,불고기필라프,미소장국,닭봉오븐구이,947.0,500.0
1029,2020-04-17,금,2962,325,221,3,389.0,밥,뼈없는감자탕,달래새우전,759.0,305.0
1030,2020-04-20,월,2962,145,143,624,471.0,밥,돈육김치찌개,고등어카레구이,1089.0,594.0
1031,2020-04-21,화,2962,126,171,700,450.0,밥,두부미소된장국,오리훈제마늘볶음,911.0,542.0
1032,2020-04-22,수,2962,132,204,2,443.0,밥,굴미역국,오삼불고기,945.0,439.0
1033,2020-04-23,목,2962,107,251,518,437.0,밥,조갯살아욱국,함박스테이크,880.0,461.0
1034,2020-04-24,금,2962,232,267,1,387.0,밥,나가사끼짬뽕국*라면,순대야채볶음,639.0,309.0
1035,2020-04-27,월,2962,125,192,706,418.0,밥,감자만두국,꽃삼겹김치찜,1223.0,570.0
1036,2020-04-28,화,2962,118,223,493,410.0,밥,황태미역국,매운돈갈비찜,824.0,482.0
1037,2020-04-29,수,2962,221,250,0,396.0,밥,홍합무우국,로제찜닭*마늘빵,680.0,192.0
1038,2020-05-04,월,2962,1113,117,91,189.0,밥,다슬기아욱국,갈릭파닭,504.0,123.0
1039,2020-05-06,수,2962,104,177,2,291.0,땡초주먹밥,근대두부된장국,치킨텐더,1254.0,495.0
1040,2020-05-07,목,2962,76,236,577,285.0,밥,우삼겹부대찌개,조기구이,959.0,462.0
1041,2020-05-08,금,2962,153,265,0,246.0,김치볶음밥,유부된장국,새우로제파스타,620.0,371.0
1042,2020-05-11,월,2962,94,195,659,245.0,부채살오므라이스,가쓰오장국,닭윙강정튀김,1249.0,599.0
1043,2020-05-12,화,2962,67,230,690,250.0,밥,전주식콩나물국,*도시락김,968.0,486.0
1044,2020-05-13,수,2962,68,242,0,236.0,밥,얼큰동태탕,물만두탕수*소스,844.0,403.0
1045,2020-05-14,목,2962,71,281,488,212.0,밥,삼선짬뽕국*칼국수,춘장돈육볶음,793.0,424.0
1046,2020-05-15,금,2962,161,296,0,201.0,밥,계란파국,매운등뼈조림,614.0,265.0
1047,2020-05-18,월,2962,96,223,701,246.0,밥,아욱국,깐풍기,1141.0,573.0
1048,2020-05-19,화,2962,78,235,617,237.0,계란김밥,모듬어묵탕,고구마맛탕,935.0,440.0
1049,2020-05-20,수,2962,71,243,0,258.0,밥,매운버섯국,고등어구이,791.0,336.0
1050,2020-05-21,목,2962,63,269,474,218.0,야채볶음밥,김치우동,또띠아피자,653.0,445.0
1051,2020-05-22,금,2962,226,277,0,206.0,밥,된장찌개,고구마까스*소스,512.0,291.0
1052,2020-05-25,월,2962,98,206,732,229.0,밥,소고기된장찌개,해물누룽지탕,1062.0,488.0
1053,2020-05-26,화,2962,70,220,649,200.0,김밥볶음밥,미소장국,로제파스타,781.0,502.0
1054,2020-05-27,수,2962,65,234,2,235.0,밥,도토리묵냉국,돼지갈비찜,704.0,339.0
1055,2020-05-28,목,2962,66,270,431,212.0,밥,돼지국밥,고추튀김,662.0,361.0
1056,2020-05-29,금,2962,236,284,1,202.0,밥,해물순두부국,닭가슴살겨자무침,450.0,235.0
1057,2020-06-01,월,2956,109,185,612,215.0,밥,청국장찌개,소고기불고기,1114.0,463.0
1058,2020-06-02,화,2956,64,231,605,213.0,유부초밥,새우튀김우동,과일샐러드,761.0,434.0
1059,2020-06-03,수,2956,63,251,0,191.0,밥,닭곰탕,류산슬,693.0,374.0
1060,2020-06-04,목,2956,71,284,403,208.0,밥,감자국,미트볼조림,657.0,353.0
1061,2020-06-05,금,2956,233,291,0,176.0,밥,오징어국,매운닭찜,505.0,251.0
1062,2020-06-08,월,2956,121,236,566,201.0,밥,김치두부국,갈치튀김,1130.0,477.0
1063,2020-06-09,화,2956,68,253,519,177.0,삼겹살마늘볶음밥,콩나물국,미니돈까스,823.0,449.0
1064,2020-06-10,수,2956,75,248,4,201.0,밥,근대국,돈육간장볶음,719.0,320.0
1065,2020-06-11,목,2956,82,280,399,172.0,야채볶음밥,초계국수,코코넛새우튀김,682.0,439.0
1066,2020-06-12,금,2956,204,303,2,175.0,밥,부대찌개,떡갈비조림,516.0,266.0
1067,2020-07-01,수,2997,71,252,9,153.0,밥,돈육김치찌개,깐풍기,866.0,343.0
1068,2020-07-02,목,2997,82,268,446,152.0,김밥,미니우동,구슬떡볶이,675.0,441.0
1069,2020-07-03,금,2997,261,288,1,157.0,밥,김치어묵국,케이준샐러드,607.0,269.0
1070,2020-07-06,월,2997,126,220,626,172.0,밥,스팸김치찌개,동태포전,1132.0,454.0
1071,2020-07-07,화,2997,77,242,575,152.0,오므라이스,유부장국,깐쇼새우,917.0,472.0
1072,2020-07-08,수,2997,77,251,7,158.0,밥,대구지리,바베큐함박찹스테이크,847.0,369.0
1073,2020-07-09,목,2997,99,290,449,159.0,후리가케덮밥,잔치국수,채소튀김*장,717.0,401.0
1074,2020-07-10,금,2997,233,290,0,135.0,밥,된장찌개,아귀콩나물찜,611.0,246.0
1075,2020-07-13,월,2997,118,225,632,148.0,밥,뼈감자탕,쌈추전*간장,1260.0,489.0
1076,2020-07-14,화,2997,80,224,561,143.0,밥,김치콩나물국,닭카레볶음,814.0,342.0
1077,2020-07-15,수,2997,80,248,4,183.0,밥,유부주머니된장국,돈육간장볶음,842.0,343.0
1078,2020-07-16,목,2997,102,274,411,166.0,밥,매운계란파국,오리훈제마늘볶음,971.0,379.0
1079,2020-07-17,금,2997,249,291,2,148.0,밥,들깨시래기국,묵은지닭찜,656.0,237.0
1080,2020-07-20,월,2997,157,220,518,140.0,채소볶음밥&자장소스,고기짬뽕국,해물누룽지,1190.0,481.0
1081,2020-07-21,화,2997,138,222,519,129.0,밥,부대찌개,생선까스*타르타르소스,861.0,467.0
1082,2020-07-22,수,2997,165,250,9,149.0,유부초밥,우동국물,열무비빔국수,823.0,414.0
1083,2020-07-23,목,2997,156,274,377,134.0,밥,나박물김치,매운사태찜,758.0,380.0
1084,2020-07-24,금,2997,344,281,0,115.0,밥,만둣국,갈치무조림,450.0,237.0
1085,2020-07-27,월,2997,271,182,728,120.0,밥,청국장찌개,섭산적고추장구이,1118.0,552.0
1086,2020-07-28,화,2997,252,213,565,150.0,우육비빔냉면,추가밥,사골파국,873.0,396.0
1087,2020-07-29,수,2997,256,233,11,150.0,밥,참치파개장,오징어불고기,871.0,280.0
1088,2020-07-30,목,2997,346,242,395,130.0,타워함박스테이크,크림스프/추가밥,알리오올리오파스타,704.0,426.0
1089,2020-07-31,금,2997,496,261,0,125.0,밥,짬뽕순두부찌개,꽁치양파조림,477.0,231.0
1090,2020-08-03,월,2989,494,155,446,115.0,밥,꽃게탕,춘천닭갈비,1033.0,440.0
1091,2020-08-04,화,2989,464,172,463,115.0,밥,계란파국,고구마치즈돈까스,776.0,446.0
1092,2020-08-05,수,2989,490,182,7,115.0,오리훈제볶음밥,미소장국,샤워크림새우,720.0,337.0
1093,2020-08-06,목,2989,482,218,364,109.0,밥,감자만두국,등심찹쌀꿔바로우,763.0,373.0
1094,2020-08-07,금,2989,605,239,1,142.0,폭탄주먹밥,꼬치어묵국,매운떡볶이,476.0,261.0
1095,2020-08-10,월,2989,476,191,548,95.0,카레라이스,우동국물,비빔채소만두,1011.0,520.0
1096,2020-08-11,화,2989,456,188,465,102.0,밥,아욱국,묵은지닭볶음탕,805.0,342.0
1097,2020-08-12,수,2989,449,213,12,111.0,밥,두부된장찌개,돈육고추장불고기,701.0,337.0
1098,2020-08-13,목,2989,504,245,353,112.0,밥,소고기무국,삼치엿장구이,594.0,270.0
1099,2020-08-14,금,2989,644,256,1,116.0,계란볶음밥,숙주고기짬뽕,고추잡채,477.0,212.0
1100,2020-08-18,화,2989,469,195,534,105.0,쇠고기규동덮밥,미소장국,숯불양념꼬치어묵,971.0,501.0
1101,2020-08-19,수,2989,420,227,10,126.0,청양멸치주먹밥,유부우동국물,비빔칼국수,801.0,375.0
1102,2020-08-20,목,2989,390,232,477,125.0,밥,오징어무국,치킨까스*소스,749.0,433.0
1103,2020-08-21,금,2989,497,249,0,149.0,밥,김치수제비국,갈치조림,514.0,240.0
1104,2020-08-24,월,2989,302,185,683,249.0,산채비빔밥,팽이장국,주꾸미볶음,1178.0,608.0
1105,2020-08-25,화,2989,219,190,757,285.0,밥,감자고추장찌개,언양식바싹불고기,1046.0,632.0
1106,2020-08-26,수,2989,215,197,2,363.0,밥,냉메밀소바,돈육가지두반장볶음,897.0,495.0
1107,2020-08-27,목,2989,205,211,575,316.0,밥,잡채말이어묵국,오리훈제마늘볶음,963.0,522.0
1108,2020-08-28,금,2989,320,230,0,297.0,밥,콩가루배추국,아쿠아돈까스,784.0,354.0
1109,2020-08-31,월,2989,183,163,648,464.0,밥,김치두부국,제육간장불고기,1243.0,649.0
1110,2020-09-01,화,3132,73,111,630,527.0,밥,육개장,가자미엿장구이,1021.0,497.0
1111,2020-09-02,수,3132,78,155,0,522.0,밥,미역국,닭볶음탕,1006.0,390.0
1112,2020-09-03,목,3132,119,195,531,511.0,밥,유부주머니우동국,새우까스*소스,924.0,445.0
1113,2020-09-04,금,3132,208,221,3,462.0,밥,부대찌개,꽁치한마리구이,746.0,341.0
1114,2020-09-07,월,3132,122,163,774,439.0,밥,얼큰감자국,안동찜닭,1186.0,603.0
1115,2020-09-08,화,3132,91,173,730,441.0,밥,열무된장국,우불고기,986.0,478.0
1116,2020-09-09,수,3132,102,180,3,424.0,밥,동태매운탕,궁중떡볶이,965.0,374.0
1117,2020-09-10,목,3132,106,220,600,430.0,충무김밥,우동장국,오징어무침,881.0,514.0
1118,2020-09-11,금,3132,211,259,2,376.0,밥,소고기무국,삼치구이,661.0,287.0
1119,2020-09-14,월,3132,102,188,725,368.0,밥,미역국,오징어채소볶음,1191.0,547.0
1120,2020-09-15,화,3132,79,209,676,422.0,밥,얼갈이된장국,닭간장볶음,855.0,421.0
1121,2020-09-16,수,3132,72,229,0,361.0,밥,매운닭개장,소고기계란장조림,953.0,362.0
1122,2020-09-17,목,3132,84,245,588,368.0,밥,스팸김치찌개,수제돈까스,797.0,504.0
1123,2020-09-18,금,3132,241,281,1,310.0,밥,콩비지찌개,갈치카레구이,570.0,256.0
1124,2020-09-21,월,3132,105,210,742,354.0,밥,소고기무국,오징어순대,1176.0,616.0
1125,2020-09-22,화,3132,99,224,600,342.0,밥,된장찌개,우불고기,908.0,384.0
1126,2020-09-23,수,3132,88,234,1,345.0,채소라면,김밥,가래떡오븐구이,970.0,412.0
1127,2020-09-24,목,3132,102,262,505,314.0,밥,홍합탕,등심찹쌀꿔바로우,739.0,392.0
1128,2020-09-25,금,3132,237,287,1,265.0,밥,근대국,고등어김치찜,540.0,230.0
1129,2020-09-28,월,3132,985,188,81,142.0,밥,우거지된장국,닭볶음탕,358.0,165.0
1130,2020-10-05,월,3008,91,131,825,292.0,밥,된장찌개,코코뱅,1252.0,595.0
1131,2020-10-06,화,3008,64,183,804,279.0,밥,콩나물국,돈육김치볶음,977.0,545.0
1132,2020-10-07,수,3008,54,232,6,292.0,밥,매운순대국밥,고추튀김*장,880.0,547.0
1133,2020-10-08,목,3008,88,225,734,249.0,밥,쇠고기무국,시래기삼치조림,923.0,345.0
1134,2020-10-12,월,3008,105,215,555,221.0,밥,유부주머니된장국,돈사태떡찜,1096.0,466.0
1135,2020-10-13,화,3008,72,248,534,188.0,밥,배추된장국,닭간장조림,839.0,420.0
1136,2020-10-14,수,3008,68,267,3,171.0,밥,어묵매운탕,등심돈까스,797.0,382.0
1137,2020-10-15,목,3008,97,269,898,175.0,케일쌈밥*씨앗쌈장,미역국,대패삼겹숙주볶음,793.0,400.0
1138,2020-10-16,금,3008,180,270,4,180.0,밥,짬뽕국,해물볶음우동,660.0,436.0
1139,2020-10-19,월,3008,143,211,588,135.0,밥,닭개장,삼치구이*데리야끼소스,1035.0,457.0
1140,2020-10-20,화,3008,84,241,518,144.0,꼬막비빔밥,우거지국,김말이강정,851.0,372.0
1141,2020-10-21,수,3008,107,239,6,160.0,밥,고추장찌개,소불고기,887.0,336.0
1142,2020-10-22,목,3008,116,271,791,162.0,밥,부대찌개,샤워크림새우,799.0,423.0
1143,2020-10-23,금,3008,223,283,2,135.0,밥,아욱국,고르곤졸라피자,648.0,389.0
1144,2020-10-26,월,3008,156,228,570,144.0,밥,순두부찌개,제육춘장볶음,1069.0,444.0
1145,2020-10-27,화,3008,105,265,496,136.0,애플카레라이스,우동국물,가지탕수,839.0,392.0
1146,2020-10-28,수,3008,105,287,3,138.0,밥,사골옹심이만둣국,스태프핫도그,791.0,293.0
1147,2020-10-29,목,3008,131,298,418,137.0,김주먹밥,잔치국수,쇠고기육전,667.0,388.0
1148,2020-10-30,금,3008,340,298,1,107.0,밥,컵라면&찐계란,순대채소볶음,398.0,259.0
1149,2020-11-02,월,3021,162,213,616,132.0,밥,열무된장국,주꾸미채소볶음,1150.0,498.0
1150,2020-11-03,화,3021,100,270,530,107.0,밥,온모밀국수,돈까스김치나베,810.0,356.0
1151,2020-11-04,수,3021,112,283,1,123.0,밥,콩나물국,순살닭강정,789.0,334.0
1152,2020-11-05,목,3021,114,306,464,116.0,밥,고기짬뽕국,자반고등어찜,596.0,422.0
1153,2020-11-06,금,3021,266,305,1,119.0,오뗄햄김밥,김치어묵탕,백종원의사라다빵,459.0,276.0
1154,2020-11-09,월,3021,144,241,691,131.0,밥,닭개장,삼치데리야끼구이,1076.0,430.0
1155,2020-11-10,화,3021,104,289,526,124.0,채소볶음밥,유부장국,자장소스,784.0,335.0
1156,2020-11-11,수,3021,105,303,1,115.0,밥,김칫국,간장마늘치킨,747.0,316.0
1157,2020-11-12,목,3021,125,308,464,105.0,밥,꽃게탕,우불고기볶음,678.0,319.0
1158,2020-11-13,금,3021,317,292,0,116.0,밥,계란파국,퀘사디아,529.0,226.0
1159,2020-11-16,월,3021,164,217,733,128.0,밥,옹심이만둣국,꽁채캔김치조림,1068.0,478.0
1160,2020-11-17,화,3021,112,274,691,119.0,밥,버섯육개장,몽골식돈육볶음&꽃빵,784.0,406.0
1161,2020-11-18,수,3021,93,282,0,123.0,밥,매운순대국,오징어굴소스볶음,774.0,305.0
1162,2020-11-19,목,3021,144,277,541,110.0,꼬치어묵매운탕,떡갈비주먹밥/추가밥,채소볶음우동,653.0,486.0
1163,2020-11-20,금,3021,343,292,0,147.0,밥,부대찌개,생선까스*타르타르소스,747.0,220.0
1164,2020-11-23,월,3021,198,208,899,261.0,밥,쇠고기미역국,방어양념장구이,1292.0,730.0
1165,2020-11-24,화,3021,202,181,878,357.0,밥,청양콩나물국,목살스테이크,1156.0,704.0
1166,2020-11-25,수,3021,206,191,3,387.0,＜자기,계발의,날＞,1146.0,0.0
1167,2020-11-26,목,3021,230,219,641,391.0,밥,우동국물,수제부들어묵잡채튀김,1034.0,606.0
1168,2020-11-27,금,3021,406,235,2,301.0,추가밥,황태국수,돈수육*쌈장,895.0,303.0
1169,2020-11-30,월,3021,253,148,798,345.0,밥,동태탕,아롱사태샐러드*들깨소스,1273.0,712.0
1170,2020-12-01,화,2990,204,161,878,408.0,마파두부,홍합짬뽕국,샤워크림새우,1324.0,685.0
1171,2020-12-02,수,2990,223,157,5,398.0,밥,계란파국,묵은지삼겹살찜,1188.0,523.0
1172,2020-12-03,목,2990,242,219,667,361.0,밥,맑은콩나물국,단호박치즈해물찜,1059.0,466.0
1173,2020-12-04,금,2990,427,233,3,292.0,밥,얼갈이된장국,낙지볶음*소면,858.0,197.0
1174,2020-12-07,월,2990,211,185,941,339.0,밥,옹심이감자국,치킨까스*데미소스,1317.0,742.0
1175,2020-12-08,화,2990,172,182,852,377.0,김치볶음밥,미소된장국,수제등심찹쌀꿔바로우,1138.0,679.0
1176,2020-12-09,수,2990,199,191,2,419.0,밥,부대찌개,해물볶음,994.0,384.0
1177,2020-12-10,목,2990,212,229,683,337.0,미트볼파스타*추가밥,유부장국,딤섬,975.0,518.0
1178,2020-12-11,금,2990,398,228,0,292.0,밥,컵라면&찐계란,수제오징어튀김,742.0,334.0
1179,2020-12-14,월,2990,221,142,892,336.0,밥,꼬치어묵매운탕,쇠고기청경채볶음,1329.0,666.0
1180,2020-12-15,화,2990,203,179,814,400.0,고추잡채덮밥,손수제비국,칠리가지탕수,1202.0,633.0
1181,2020-12-16,수,2990,195,187,1,359.0,밥,쇠고기무국,오징어떡볶음,1135.0,450.0
1182,2020-12-17,목,2990,226,184,653,334.0,밥,순두부백탕*양념장,제육간장불고기,1096.0,438.0
1183,2020-12-18,금,2990,403,196,1,307.0,밥,맑은버섯닭개장,참치김치볶음,917.0,274.0
1184,2020-12-21,월,2990,248,153,526,339.0,치킨마요덮밥,팽이장국,어떡햄,1256.0,327.0
1185,2020-12-22,화,2990,270,171,362,330.0,밥,아귀매운탕,돈갈비찜,984.0,319.0
1186,2020-12-23,수,2990,402,193,5,324.0,유부초밥,들깨미역국,페퍼로니치즈피자,768.0,354.0
1187,2020-12-24,목,2990,777,160,24,273.0,밥,장수제비,해물까스&타르타르D,591.0,131.0
1188,2021-01-04,월,2983,92,91,490,340.0,밥,부대찌개*라면사리,소고기콜라비조림,1405.0,598.0
1189,2021-01-05,화,2983,99,156,500,390.0,팟시금치무쌉,미니쌀국수,춘권*칠리소스,1128.0,484.0
1190,2021-01-06,수,2983,85,156,11,433.0,밥,고기짬뽕국,해물누룽지탕,1014.0,377.0
1191,2021-01-07,목,2983,98,182,413,421.0,밥,고추장찌개,인절미치킨,1040.0,342.0
1192,2021-01-08,금,2983,255,218,0,373.0,밥,감자양파국,돈육김치볶음,726.0,250.0
1193,2021-01-11,월,2983,105,158,517,369.0,밥,옹심이국,쇠고기숙주볶음,1257.0,451.0
1194,2021-01-12,화,2983,83,168,433,404.0,밥,맑은버섯국,순대들깨볶음,963.0,317.0
1195,2021-01-13,수,2983,80,175,8,393.0,알리오올리오/추가밥,가쓰오장국,수제치킨까스,913.0,360.0
1196,2021-01-14,목,2983,90,205,428,370.0,밥,홍합탕,오삼불고기,1038.0,439.0
1197,2021-01-15,금,2983,229,222,0,339.0,밥,순두부백탕,닭볶음탕,702.0,277.0
1198,2021-01-18,월,2983,67,163,509,357.0,밥,배추된장국,낙지미나리볶음,1277.0,460.0
1199,2021-01-19,화,2983,62,176,508,372.0,밥,북어짬뽕국,만가닥버섯불고기,1038.0,414.0
1200,2021-01-20,수,2983,75,198,4,391.0,김치볶음밥,미니쫄우동*맛살튀김,브로콜리깨소스무침,1093.0,421.0
1201,2021-01-21,목,2983,92,231,462,351.0,밥,쇠고기무국,삼치양념구이,832.0,353.0
1202,2021-01-22,금,2983,255,248,1,303.0,밥,수제비국,수제맛쵸킹탕수육,579.0,217.0
1203,2021-01-25,월,2983,107,153,616,327.0,밥,열무된장국,장어강정*데리야끼소스,1145.0,502.0
1204,2021-01-26,화,2983,69,183,551,362.0,할라피뇨멸치주먹밥,잔치국수,수제고기육전,1015.0,480.0
